thirdparty_id,claim_id,thirdparty_first_name,thirdparty_middle_name,thirdparty_last_name,thirdparty_full_name,thirdparty_mobile,thirdparty_email,thirdparty_gender,thirdparty_dob,thirdparty_gov_id,member_id
TP-10000,CLM-00002,Brinda,,Ramesh,Brinda Ramesh,99955965818,brinda96@yahoo.com,F,1994-04-07,UID-768666513657,
TP-10001,CLM-00005,Anjali,,Sandhu,Anjali Sandhu,97319692408,anjali93@rediffmail.com,F,1964-02-27,UID-752903340799,
TP-10002,CLM-00009,Yash,,Kala,Yash Kala,99474124764,yash91@hotmail.com,M,1967-11-20,AADHAR-8057-3503-1071,
TP-10003,CLM-00010,Daksha,,Deep,Daksha Deep,99192774604,daksha69@hotmail.com,F,1950-05-09,UID-957956634702,
TP-10004,CLM-00014,Patrick,,Master,Patrick Master,98642089356,patrick43@rediffmail.com,M,1983-11-21,VOTER-B803826,
TP-10005,CLM-00015,Jhalak,,Samra,Jhalak Samra,98075657022,jhalak82@live.com,F,1979-07-26,UID-952641945753,MEM-11069
TP-10006,CLM-00018,Lavanya,,Borde,Lavanya Borde,98111292566,lavanya14@rediffmail.com,F,1968-12-26,VOTER-A803067,
TP-10007,CLM-00019,Harshil,,Upadhyay,Harshil Upadhyay,98539442999,harshil82@outlook.co.in,M,1990-10-19,VOTER-D845779,MEM-13200
TP-10008,CLM-00021,Chandani,,Ramakrishnan,Chandani Ramakrishnan,99051268794,chandani31@outlook.co.in,F,1972-03-21,UID-140677321465,
TP-10009,CLM-00022,Akshay,,Bhakta,Akshay Bhakta,98511582697,akshay65@gmail.com,M,1967-08-13,AADHAR-9690-8252-5711,MEM-11998
TP-10010,CLM-00023,Garima,,Bhatnagar,Garima Bhatnagar,98844996133,garima21@hotmail.com,F,1995-01-28,UID-889885904629,
TP-10011,CLM-00031,Charita,,Kaur,Charita Kaur,99354092760,charita48@outlook.co.in,F,2003-11-10,UID-446317360104,
TP-10012,CLM-00032,Abhimanyu,,Trivedi,Abhimanyu Trivedi,99610454353,abhimanyu97@yahoo.com,M,1968-09-06,UID-665129400790,
TP-10013,CLM-00035,Karan,,Balay,Karan Balay,97247940556,karan50@gmail.com,M,1979-02-09,VOTER-D462161,
TP-10014,CLM-00038,Turvi,,Jhaveri,Turvi Jhaveri,98737599668,turvi33@hotmail.com,F,1990-04-14,AADHAR-9032-3637-1134,
TP-10015,CLM-00043,Dayamai,,Dhillon,Dayamai Dhillon,98523031213,dayamai14@outlook.co.in,F,1986-09-23,VOTER-B146910,MEM-12151
TP-10016,CLM-00047,Qabil,,Mahal,Qabil Mahal,98077270095,qabil88@gmail.com,M,1997-08-16,UID-846372075921,MEM-12861
TP-10017,CLM-00050,Jeremiah,,Kumer,Jeremiah Kumer,97937603637,jeremiah59@gmail.com,M,1968-11-16,AADHAR-8570-3125-2319,
TP-10018,CLM-00056,Kabir,,Mody,Kabir Mody,98417568778,kabir55@gmail.com,M,1984-08-28,VOTER-E816400,
TP-10019,CLM-00057,Pahal,,Brar,Pahal Brar,98598060733,pahal93@yahoo.com,F,1983-05-02,VOTER-D780216,
TP-10020,CLM-00059,Saksham,,Kala,Saksham Kala,97234800990,saksham41@gmail.com,M,2002-04-23,VOTER-D434388,MEM-12863
TP-10021,CLM-00060,Christopher,,Aggarwal,Christopher Aggarwal,98620764994,christopher20@hotmail.com,M,1989-05-24,VOTER-B440136,
TP-10022,CLM-00061,Lopa,,Mannan,Lopa Mannan,97797395369,lopa56@gmail.com,F,1975-01-26,VOTER-E283786,
TP-10023,CLM-00062,Yashawini,,Bath,Yashawini Bath,99588064882,yashawini65@hotmail.com,F,1954-05-06,UID-724947012627,
TP-10024,CLM-00065,Vrinda,,Narayanan,Vrinda Narayanan,99151698450,vrinda23@gmail.com,F,2001-07-22,UID-771841260377,MEM-12324
TP-10025,CLM-00067,Ranbir,,Loyal,Ranbir Loyal,97994563532,ranbir62@rediffmail.com,M,1995-05-26,AADHAR-8971-6557-2807,
TP-10026,CLM-00070,Rudra,,Kade,Rudra Kade,97326443426,rudra24@live.com,M,1973-08-02,UID-461929966862,MEM-12352
TP-10027,CLM-00072,Charan,,Pau,Charan Pau,99845046743,charan64@rediffmail.com,M,2003-12-26,UID-351585971533,
TP-10028,CLM-00079,Shravya,,Chandran,Shravya Chandran,99087127635,shravya38@hotmail.com,F,1956-10-25,AADHAR-5565-1583-8518,
TP-10029,CLM-00082,Urmi,,Kaul,Urmi Kaul,99510838688,urmi75@hotmail.com,F,1961-04-13,AADHAR-7539-1344-2546,
TP-10030,CLM-00084,George,,Sem,George Sem,99910323680,george16@outlook.co.in,M,2001-05-26,VOTER-E458619,
TP-10031,CLM-00092,Chaman,,Sandal,Chaman Sandal,98016195148,chaman94@yahoo.com,F,1962-02-13,AADHAR-3001-1161-9093,
TP-10032,CLM-00104,Shivani,,Korpal,Shivani Korpal,97270205168,shivani31@gmail.com,F,1989-07-30,AADHAR-9873-5379-9284,
TP-10033,CLM-00105,Rudra,,Nagi,Rudra Nagi,97561734143,rudra14@hotmail.com,M,1984-10-13,VOTER-E685982,MEM-12054
TP-10034,CLM-00106,Varenya,,Devi,Varenya Devi,98133951728,varenya99@rediffmail.com,F,1965-11-04,AADHAR-1852-2550-6594,
TP-10035,CLM-00107,Shravya,,Karpe,Shravya Karpe,98562480424,shravya25@gmail.com,F,1962-08-15,UID-556611756995,
TP-10036,CLM-00108,Orinder,,Wable,Orinder Wable,99010846403,orinder48@rediffmail.com,M,1975-06-02,UID-909798112506,
TP-10037,CLM-00113,Ayush,,Baral,Ayush Baral,98660658049,ayush53@rediffmail.com,M,1967-02-14,UID-417732907182,MEM-13443
TP-10038,CLM-00115,Quincy,,Dugar,Quincy Dugar,99952622598,quincy11@outlook.co.in,M,1954-07-05,VOTER-A857507,
TP-10039,CLM-00116,Kai,,Grover,Kai Grover,99797327299,kai72@rediffmail.com,M,1974-12-18,AADHAR-1375-4051-7158,
TP-10040,CLM-00120,Chameli,,Gulati,Chameli Gulati,98909370932,chameli80@live.com,F,2001-05-09,AADHAR-2296-5474-7192,
TP-10041,CLM-00126,Faqid,,Mani,Faqid Mani,99543884950,faqid21@live.com,M,1970-05-29,AADHAR-4403-1000-2460,MEM-12488
TP-10042,CLM-00129,Dhriti,,Narain,Dhriti Narain,97801066057,dhriti44@live.com,F,1997-12-06,VOTER-E548791,MEM-10320
TP-10043,CLM-00130,Aarna,,Baria,Aarna Baria,98389724900,aarna71@hotmail.com,F,2005-05-04,AADHAR-2202-7201-9688,
TP-10044,CLM-00134,Gunbir,,Bawa,Gunbir Bawa,98209603023,gunbir66@live.com,M,1997-11-17,UID-630789407802,MEM-12090
TP-10045,CLM-00135,Aayush,,Rai,Aayush Rai,98585619616,aayush12@hotmail.com,M,1980-02-15,AADHAR-8193-4796-1528,
TP-10046,CLM-00142,Jeremiah,,Sankaran,Jeremiah Sankaran,97463852394,jeremiah45@hotmail.com,M,1962-07-10,VOTER-C314399,
TP-10047,CLM-00145,Chatresh,,Vig,Chatresh Vig,99580424087,chatresh25@rediffmail.com,M,1987-06-23,UID-464373298665,
TP-10048,CLM-00146,Yashvi,,Edwin,Yashvi Edwin,98789951449,yashvi70@gmail.com,F,1997-11-27,AADHAR-5415-2357-7391,
TP-10049,CLM-00153,Shivani,,Chaudhry,Shivani Chaudhry,99865904451,shivani87@gmail.com,F,1994-03-12,UID-984825093252,
TP-10050,CLM-00154,Manan,,Brar,Manan Brar,97421238963,manan23@yahoo.com,M,1985-07-14,AADHAR-8828-1773-3800,
TP-10051,CLM-00158,Ikshita,,Raman,Ikshita Raman,98654094927,frederick45@yahoo.com,M,1956-01-10,VOTER-C332362,
TP-10052,CLM-00161,Lohit,,Sastry,Lohit Sastry,98862370355,lohit56@rediffmail.com,M,1974-02-04,AADHAR-2805-5350-9381,
TP-10053,CLM-00163,Warjas,,Shere,Warjas Shere,99260781459,warjas44@rediffmail.com,M,1974-07-28,AADHAR-2940-6150-8295,
TP-10054,CLM-00174,Advaith,,Mahal,Advaith Mahal,97040482338,advaith29@rediffmail.com,M,1995-07-03,UID-903106687835,
TP-10055,CLM-00177,Harshil,,Apte,Harshil Apte,98983164781,harshil50@outlook.co.in,M,2000-06-17,AADHAR-3927-4134-1730,
TP-10056,CLM-00182,Kalpit,,Behl,Kalpit Behl,99213317911,kalpit24@outlook.co.in,M,2007-01-31,AADHAR-9473-2370-6313,
TP-10057,CLM-00183,Aarna,,Buch,Aarna Buch,97423993262,aarna38@hotmail.com,F,1989-11-08,AADHAR-1422-1166-1692,
TP-10058,CLM-00188,Jacob,,Thaman,Jacob Thaman,97155784241,jacob99@outlook.co.in,M,1950-10-07,VOTER-C827693,
TP-10059,CLM-00195,Mason,,Wable,Mason Wable,97349676977,mason85@live.com,M,1959-11-29,VOTER-B117567,
TP-10060,CLM-00197,Widisha,,Nair,Widisha Nair,97510953572,widisha91@rediffmail.com,F,1973-07-04,UID-473123435015,
TP-10061,CLM-00198,Keya,,Sarraf,Keya Sarraf,98149566264,keya79@yahoo.com,F,1969-07-27,VOTER-D909667,
TP-10062,CLM-00201,Oliver,,Kamdar,Oliver Kamdar,99684645805,oliver12@rediffmail.com,M,1982-02-08,VOTER-C158422,MEM-13045
TP-10063,CLM-00204,Indali,,Pau,Indali Pau,97454259963,indali73@live.com,F,1954-11-22,UID-693255004149,
TP-10064,CLM-00215,Zayyan,,Lalla,Zayyan Lalla,97642288768,zayyan62@live.com,M,1992-11-10,AADHAR-5317-5720-6375,MEM-13123
TP-10065,CLM-00216,Jeevika,,Setty,Jeevika Setty,99514487624,jeevika62@gmail.com,F,1970-04-02,AADHAR-7573-1063-7988,
TP-10066,CLM-00228,Pranav,,Deep,Pranav Deep,99842630864,pranav29@hotmail.com,M,2004-02-21,UID-990588827713,MEM-11424
TP-10067,CLM-00229,Falak,,Bhat,Falak Bhat,97795426296,falak54@rediffmail.com,F,1983-02-04,VOTER-B582940,
TP-10068,CLM-00236,Ishita,,Mahajan,Ishita Mahajan,99227995974,ishita78@yahoo.com,F,1997-02-03,AADHAR-8741-5786-9549,MEM-13352
TP-10069,CLM-00238,Nikita,,Bajaj,Nikita Bajaj,99903138882,nikita95@yahoo.com,F,2000-04-07,AADHAR-1959-2951-1055,
TP-10070,CLM-00249,Nitesh,,Krishnamurthy,Nitesh Krishnamurthy,97637544261,nitesh91@gmail.com,M,1950-10-02,VOTER-E466656,
TP-10071,CLM-00258,Indali,,Kothari,Indali Kothari,99483936662,indali24@yahoo.com,F,1958-01-07,VOTER-A585684,
TP-10072,CLM-00261,Jack,,Samra,Jack Samra,97714864029,jack90@outlook.co.in,M,1976-08-24,AADHAR-6980-9261-3059,
TP-10073,CLM-00262,Peter,,Patla,Peter Patla,98602188050,peter32@yahoo.com,M,1967-12-30,AADHAR-3901-3026-3870,MEM-11368
TP-10074,CLM-00264,Wahab,,Sami,Wahab Sami,97826479546,wahab44@live.com,M,1969-08-20,AADHAR-9838-6200-8583,
TP-10075,CLM-00270,Aadi,,Ganguly,Aadi Ganguly,99530520854,aadi86@gmail.com,M,2000-01-01,UID-598586753568,
TP-10076,CLM-00274,Neel,,Wason,Neel Wason,97866229117,neel44@rediffmail.com,M,2004-08-20,AADHAR-5774-3732-1288,
TP-10077,CLM-00279,Raagini,,Ram,Raagini Ram,99627662644,raagini31@outlook.co.in,F,1965-01-28,VOTER-E708496,
TP-10078,CLM-00280,Bhavya,,Krishnamurthy,Bhavya Krishnamurthy,97829612372,bhavya26@outlook.co.in,F,1973-04-02,AADHAR-6103-7810-2584,
TP-10079,CLM-00281,Vasana,,Sani,Vasana Sani,97215023595,vasana25@outlook.co.in,F,1986-08-12,VOTER-C357733,MEM-11818
TP-10080,CLM-00282,Kashvi,,Sathe,Kashvi Sathe,97053664200,kashvi79@live.com,F,1999-07-06,VOTER-D582984,MEM-12566
TP-10081,CLM-00286,Bishakha,,Pau,Bishakha Pau,98176316440,bishakha78@live.com,F,1999-07-01,VOTER-B602558,
TP-10082,CLM-00290,Anirudh,,Narayan,Anirudh Narayan,98468699711,anirudh17@rediffmail.com,M,1973-04-23,UID-339416458772,
TP-10083,CLM-00292,Manthan,,Magar,Manthan Magar,97428010998,manthan45@gmail.com,M,1976-04-19,VOTER-E263231,MEM-11103
TP-10084,CLM-00295,Darika,,Dhingra,Darika Dhingra,99244627128,darika64@rediffmail.com,F,1985-04-25,UID-367255151073,MEM-11655
TP-10085,CLM-00297,Alka,,Shan,Alka Shan,98115758091,alka36@rediffmail.com,F,2007-05-19,UID-904276613178,
TP-10086,CLM-00299,Dev,,Agarwal,Dev Agarwal,98973441534,dev28@live.com,M,1965-05-23,AADHAR-4864-3399-1282,MEM-13183
TP-10087,CLM-00303,Abdul,,Sunder,Abdul Sunder,98992727485,abdul74@rediffmail.com,M,2001-08-29,UID-847222764156,
TP-10088,CLM-00307,Nitara,,Lall,Nitara Lall,97567667023,nitara71@gmail.com,F,1973-12-27,VOTER-E352800,
TP-10089,CLM-00308,Gautam,,Chaudhari,Gautam Chaudhari,97807009023,gautam92@yahoo.com,M,2001-09-02,AADHAR-7086-8531-7612,MEM-10605
TP-10090,CLM-00310,Mugdha,,Kari,Mugdha Kari,99425544487,mugdha31@yahoo.com,F,1989-06-14,AADHAR-4121-5715-1271,MEM-11999
TP-10091,CLM-00311,Banjeet,,Natt,Banjeet Natt,97781666511,banjeet30@outlook.co.in,M,1980-03-26,UID-195183668597,
TP-10092,CLM-00316,Vaishnavi,,Munshi,Vaishnavi Munshi,97584954694,vaishnavi88@hotmail.com,F,1998-11-19,VOTER-D280445,
TP-10093,CLM-00321,Lekha,,Chanda,Lekha Chanda,97783871631,lekha65@hotmail.com,F,2000-06-08,VOTER-E238368,
TP-10094,CLM-00322,Veer,,Dani,Veer Dani,98498961896,veer56@outlook.co.in,M,1954-03-06,UID-495104589459,
TP-10095,CLM-00323,Aishani,,Anne,Aishani Anne,98872887926,aishani72@hotmail.com,F,1990-02-18,VOTER-A837899,
TP-10096,CLM-00327,Jacob,,Gade,Jacob Gade,99421522484,jacob44@hotmail.com,M,1956-03-31,VOTER-D236801,
TP-10097,CLM-00329,Ikshita,,Raman,Ikshita Raman,97720609938,bhanumati44@gmail.com,M,1956-01-10,VOTER-C332362,
TP-10098,CLM-00338,Bahadurjit,,Jha,Bahadurjit Jha,99809292376,bahadurjit83@rediffmail.com,M,1970-11-30,AADHAR-1124-4468-9186,
TP-10099,CLM-00340,Mekhala,,Bains,Mekhala Bains,97706866406,mekhala75@live.com,F,2004-11-17,VOTER-A954797,MEM-10645
TP-10100,CLM-00341,Indrajit,,Sani,Indrajit Sani,98555837728,indrajit11@gmail.com,M,1993-08-10,UID-933573289972,MEM-10816
TP-10101,CLM-00343,Ladli,,Handa,Ladli Handa,97167313167,ladli23@hotmail.com,F,1991-09-26,VOTER-C701886,
TP-10102,CLM-00346,Dominic,,Nagy,Dominic Nagy,97075904196,dominic61@yahoo.com,M,2002-08-29,AADHAR-2792-2141-4430,
TP-10103,CLM-00348,Kamya,,Kaul,Kamya Kaul,99725057328,kamya55@hotmail.com,F,2005-02-27,AADHAR-2873-6550-3798,
TP-10104,CLM-00349,Logan,,Doshi,Logan Doshi,98111746460,logan25@yahoo.com,M,1974-10-24,AADHAR-5715-1615-8533,
TP-10105,CLM-00352,Netra,,Kar,Netra Kar,97143521347,netra22@live.com,F,1987-11-12,AADHAR-6566-7088-1093,
TP-10106,CLM-00354,Gautami,,Krishnamurthy,Gautami Krishnamurthy,99656982959,gautami64@rediffmail.com,F,1971-06-27,VOTER-C983387,
TP-10107,CLM-00356,Darika,,Manda,Darika Manda,97396816542,darika22@rediffmail.com,F,2005-07-17,UID-575299308926,
TP-10108,CLM-00357,Kritika,,Doshi,Kritika Doshi,98930581197,kritika86@outlook.co.in,F,2000-04-22,AADHAR-6868-2368-4651,
TP-10109,CLM-00358,Daksha,,Chaudhary,Daksha Chaudhary,98098864191,daksha20@hotmail.com,F,2003-06-17,AADHAR-3256-1786-9931,
TP-10110,CLM-00359,Devika,,Arora,Devika Arora,98916377948,devika57@hotmail.com,F,1961-07-09,UID-604182350352,MEM-13128
TP-10111,CLM-00361,Nidhi,,Saini,Nidhi Saini,99921594837,nidhi40@gmail.com,F,1981-10-15,VOTER-D555027,
TP-10112,CLM-00362,Kashish,,Dua,Kashish Dua,97295427963,kashish59@rediffmail.com,F,1975-11-21,UID-145800304767,
TP-10113,CLM-00363,Aarav,,Keer,Aarav Keer,99955462829,aarav75@outlook.co.in,M,1957-10-23,VOTER-C864112,
TP-10114,CLM-00365,Chaman,,Goswami,Chaman Goswami,97850295123,chaman76@rediffmail.com,F,1957-03-28,VOTER-D811191,
TP-10115,CLM-00370,Harita,,Joshi,Harita Joshi,97129760698,harita18@yahoo.com,F,1995-06-15,VOTER-B603341,
TP-10116,CLM-00371,Yashoda,,Taneja,Yashoda Taneja,97381005364,yashoda78@outlook.co.in,F,1983-06-01,VOTER-D122458,MEM-12870
TP-10117,CLM-00380,Zilmil,,Tripathi,Zilmil Tripathi,97066418067,zilmil62@live.com,F,1990-07-09,UID-397240927874,
TP-10118,CLM-00383,Girish,,Batra,Girish Batra,98737192374,girish57@yahoo.com,M,1970-02-13,VOTER-E589006,MEM-12304
TP-10119,CLM-00384,Aarav,,Biswas,Aarav Biswas,97498222819,aarav79@rediffmail.com,M,1975-08-13,VOTER-D405934,MEM-11044
TP-10120,CLM-00394,Arin,,Gill,Arin Gill,97026345843,arin43@outlook.co.in,M,1960-12-05,UID-980925993253,
TP-10121,CLM-00409,Charita,,Viswanathan,Charita Viswanathan,97955319286,charita91@hotmail.com,F,1982-11-01,UID-640845812386,
TP-10122,CLM-00412,Adya,,Sule,Adya Sule,99059893857,adya52@gmail.com,F,1997-03-19,AADHAR-1221-5342-1030,MEM-10953
TP-10123,CLM-00422,Anthony,,Jha,Anthony Jha,98696040194,anthony71@live.com,M,2007-08-06,VOTER-A133261,MEM-12243
TP-10124,CLM-00423,Vasatika,,Savant,Vasatika Savant,97308962173,vasatika24@hotmail.com,F,1950-03-22,AADHAR-8900-9632-9181,
TP-10125,CLM-00424,Finn,,Garg,Finn Garg,97225256884,finn25@outlook.co.in,M,1961-09-27,VOTER-D420919,MEM-11478
TP-10126,CLM-00426,Saksham,,Chopra,Saksham Chopra,97992120216,saksham47@live.com,M,1988-03-07,VOTER-D289053,
TP-10127,CLM-00428,Yatin,,Merchant,Yatin Merchant,99235079396,yatin68@hotmail.com,M,1991-06-14,UID-653004805152,
TP-10128,CLM-00430,Girish,,Shankar,Girish Shankar,98601799776,girish36@yahoo.com,M,1965-01-01,UID-853355834979,MEM-11935
TP-10129,CLM-00437,Tanish,,Barad,Tanish Barad,97354417285,tanish45@outlook.co.in,M,1974-01-18,UID-338436838024,
TP-10130,CLM-00438,Hitesh,,Lata,Hitesh Lata,98339624326,hitesh80@hotmail.com,M,1977-01-08,VOTER-D256573,
TP-10131,CLM-00439,Garima,,Sarna,Garima Sarna,98611150049,garima83@live.com,F,2006-12-16,VOTER-E718626,
TP-10132,CLM-00442,Lohit,,Iyer,Lohit Iyer,97342101698,lohit85@live.com,M,1984-11-08,UID-825121767661,
TP-10133,CLM-00443,Devika,,Shenoy,Devika Shenoy,98130837617,devika54@live.com,F,1994-11-06,UID-361688004354,
TP-10134,CLM-00450,Omisha,,Ravel,Omisha Ravel,99188032107,omisha47@outlook.co.in,F,2000-07-25,UID-246761915979,
TP-10135,CLM-00455,Ojasvi,,Sarma,Ojasvi Sarma,97099498976,ojasvi55@rediffmail.com,F,1994-02-09,UID-640210135103,
TP-10136,CLM-00456,Chavvi,,Mangal,Chavvi Mangal,99879571043,chavvi20@rediffmail.com,F,1982-03-04,AADHAR-2355-8317-2119,
TP-10137,CLM-00457,Amrita,,Gola,Amrita Gola,99814835323,amrita68@yahoo.com,F,1999-03-21,UID-214142270761,MEM-11934
TP-10138,CLM-00461,Mahika,,Sami,Mahika Sami,98536483934,mahika71@rediffmail.com,F,1966-06-07,VOTER-E674699,
TP-10139,CLM-00462,Bina,,Chaudhary,Bina Chaudhary,98362267739,bina73@live.com,F,2007-09-14,AADHAR-8473-4372-3847,
TP-10140,CLM-00468,Samuel,,Bali,Samuel Bali,99662114880,samuel59@yahoo.com,M,1998-02-04,AADHAR-1571-6653-9251,MEM-10080
TP-10141,CLM-00470,Aarav,,Shan,Aarav Shan,99920067993,aarav66@hotmail.com,M,1951-04-11,UID-819433203811,
TP-10142,CLM-00475,Samaksh,,Ganesh,Samaksh Ganesh,99415373809,samaksh21@rediffmail.com,M,1987-08-06,UID-319740952967,
TP-10143,CLM-00477,Bina,,Radhakrishnan,Bina Radhakrishnan,99272901600,bina59@live.com,F,1986-04-22,UID-933077334582,
TP-10144,CLM-00479,William,,Rajagopalan,William Rajagopalan,98087098474,william72@rediffmail.com,M,2006-01-08,VOTER-C651177,
TP-10145,CLM-00480,Devika,,Parsa,Devika Parsa,98483724752,devika16@yahoo.com,F,2006-01-24,UID-129547349105,
TP-10146,CLM-00483,Advika,,Gera,Advika Gera,98234255623,advika41@gmail.com,F,2007-07-15,VOTER-A602194,
TP-10147,CLM-00486,Unni,,Ghosh,Unni Ghosh,99327086637,unni35@yahoo.com,F,1965-08-24,VOTER-E609065,MEM-10360
TP-10148,CLM-00487,Omya,,Dhingra,Omya Dhingra,97496368545,omya14@outlook.co.in,F,1970-11-10,AADHAR-9301-6191-4281,
TP-10149,CLM-00488,Akshay,,Bhattacharyya,Akshay Bhattacharyya,98067516959,akshay27@yahoo.com,M,2004-02-07,UID-420135288522,MEM-11717
TP-10150,CLM-00490,Wyatt,,Vora,Wyatt Vora,98237852892,wyatt75@hotmail.com,M,1953-06-12,AADHAR-2337-8531-6667,
TP-10151,CLM-00499,Zayan,,Issac,Zayan Issac,98254459553,zayan65@rediffmail.com,M,1981-02-24,UID-975452049844,
TP-10152,CLM-00500,Andrew,,Venkatesh,Andrew Venkatesh,97719706088,andrew61@gmail.com,M,1951-09-01,AADHAR-9127-1713-1286,
TP-10153,CLM-00504,Agastya,,Sehgal,Agastya Sehgal,97375409892,neha56@outlook.co.in,M,1974-04-01,UID-832713954146,MEM-10094
TP-10154,CLM-00506,Anita,,Brar,Anita Brar,98317351217,anita38@gmail.com,F,1987-03-14,UID-618371314972,MEM-13064
TP-10155,CLM-00508,Ethan,,Misra,Ethan Misra,98779731702,ethan91@live.com,M,1991-07-08,VOTER-C678930,
TP-10156,CLM-00509,Aadhya,,Tella,Aadhya Tella,97523098060,aadhya93@live.com,F,1977-05-04,VOTER-B550063,
TP-10157,CLM-00510,Triveni,,Dhar,Triveni Dhar,98649425837,triveni80@gmail.com,F,1983-05-10,UID-220910084125,
TP-10158,CLM-00513,Ronith,,Kalita,Ronith Kalita,97185132849,ronith29@yahoo.com,M,2004-06-14,VOTER-D831290,
TP-10159,CLM-00514,Upadhriti,,Jha,Upadhriti Jha,98675576020,upadhriti68@outlook.co.in,F,1974-01-28,UID-686007019920,
TP-10160,CLM-00518,Oviya,,Rau,Oviya Rau,98380922292,oviya88@yahoo.com,F,1991-12-13,VOTER-A321914,
TP-10161,CLM-00520,Abeer,,Goda,Abeer Goda,99983762812,abeer87@yahoo.com,M,1990-11-17,AADHAR-1877-3487-3941,
TP-10162,CLM-00521,Shivani,,Das,Shivani Das,99310271137,shivani86@hotmail.com,F,1963-07-10,UID-263508487302,
TP-10163,CLM-00522,Christopher,,Hans,Christopher Hans,97942151582,christopher77@live.com,M,1965-05-03,UID-127054577728,MEM-11167
TP-10164,CLM-00523,Ikshita,,Raman,Ikshita Raman,98882173781,sai65@gmail.com,M,1956-01-10,VOTER-C332362,
TP-10165,CLM-00527,Nidra,,Suri,Nidra Suri,98532416741,nidra96@hotmail.com,F,1982-07-15,VOTER-C891348,
TP-10166,CLM-00531,Aarush,,Datta,Aarush Datta,99169511682,aarush58@outlook.co.in,M,1985-02-11,AADHAR-3004-3631-7051,
TP-10167,CLM-00532,Omaja,,Bala,Omaja Bala,99579127987,omaja73@live.com,F,1984-09-15,VOTER-C164487,
TP-10168,CLM-00535,Leela,,Rama,Leela Rama,99745438263,leela40@rediffmail.com,F,1989-10-07,AADHAR-7561-4145-2378,MEM-12396
TP-10169,CLM-00538,Jagat,,Thaker,Jagat Thaker,99908243912,jagat95@rediffmail.com,M,1951-08-01,UID-621728930713,
TP-10170,CLM-00547,Hitesh,,Ganesan,Hitesh Ganesan,97237827544,hitesh59@live.com,M,1979-01-05,UID-892980956889,
TP-10171,CLM-00550,Forum,,Srinivasan,Forum Srinivasan,97182360428,forum92@outlook.co.in,F,2007-07-12,UID-461752447782,MEM-13388
TP-10172,CLM-00552,Nakul,,Balay,Nakul Balay,99612522197,nakul21@yahoo.com,M,1961-03-01,AADHAR-4202-8752-4871,
TP-10173,CLM-00555,Ijaya,,Oak,Ijaya Oak,99244176730,zinal94@gmail.com,M,1987-08-10,UID-929833631892,
TP-10174,CLM-00560,Akshay,,Grover,Akshay Grover,99833271460,akshay10@gmail.com,M,1966-02-12,AADHAR-6645-8116-5180,MEM-12548
TP-10175,CLM-00564,Bhavya,,Parmar,Bhavya Parmar,98010801068,bhavya31@live.com,F,1976-06-30,VOTER-D196838,MEM-12909
TP-10176,CLM-00572,Isha,,Sidhu,Isha Sidhu,98138973965,isha41@yahoo.com,F,1961-11-27,VOTER-B132835,
TP-10177,CLM-00577,Ekani,,Sathe,Ekani Sathe,98303257213,ekani23@gmail.com,F,1956-01-11,AADHAR-3217-5272-3165,
TP-10178,CLM-00578,Yahvi,,Ghosh,Yahvi Ghosh,97135310843,yahvi57@yahoo.com,F,1958-09-14,AADHAR-1509-7994-2995,
TP-10179,CLM-00582,Widisha,,Pant,Widisha Pant,98105700726,widisha59@hotmail.com,F,1985-11-17,VOTER-A963421,
TP-10180,CLM-00586,Warhi,,Agrawal,Warhi Agrawal,97532340772,warhi97@yahoo.com,F,1984-12-19,AADHAR-3757-5867-2848,MEM-10972
TP-10181,CLM-00594,Devansh,,Agate,Devansh Agate,98468684768,devansh28@outlook.co.in,M,2003-09-05,UID-628320081440,
TP-10182,CLM-00595,Ucchal,,Ghose,Ucchal Ghose,99132210216,ucchal31@live.com,F,1967-02-05,VOTER-D523639,MEM-12605
TP-10183,CLM-00598,Indali,,Varma,Indali Varma,97739266758,indali15@outlook.co.in,F,1982-02-02,VOTER-B914555,MEM-12248
TP-10184,CLM-00605,Naksh,,Som,Naksh Som,98801012934,naksh35@live.com,M,2002-10-03,VOTER-A398759,
TP-10185,CLM-00609,Ishwar,,Prakash,Ishwar Prakash,97095247080,ishwar39@hotmail.com,M,1981-09-19,AADHAR-3963-4240-1499,
TP-10186,CLM-00611,Laksh,,Gokhale,Laksh Gokhale,98059310632,laksh63@live.com,M,1955-01-20,AADHAR-7427-3363-8347,
TP-10187,CLM-00613,Ishanvi,,Gill,Ishanvi Gill,99959801582,ishanvi57@outlook.co.in,F,1980-12-27,AADHAR-7972-9779-9066,
TP-10188,CLM-00617,Harrison,,Chopra,Harrison Chopra,97602656226,harrison36@hotmail.com,M,1973-05-02,AADHAR-4937-2409-8760,
TP-10189,CLM-00620,Chasmum,,Sahota,Chasmum Sahota,97560821100,chasmum89@hotmail.com,F,1968-04-08,VOTER-A874117,
TP-10190,CLM-00622,Manan,,Sha,Manan Sha,99562383880,manan40@hotmail.com,M,1960-07-28,VOTER-B415238,MEM-12316
TP-10191,CLM-00627,Waida,,Rout,Waida Rout,98250080924,waida98@live.com,F,2004-12-31,VOTER-E700946,
TP-10192,CLM-00631,Chatresh,,More,Chatresh More,97583441965,chatresh13@rediffmail.com,M,1968-04-26,VOTER-E862363,
TP-10193,CLM-00632,Darpan,,Gulati,Darpan Gulati,98132444582,darpan94@gmail.com,M,1951-04-15,UID-253813949330,
TP-10194,CLM-00634,Sai,,Shetty,Sai Shetty,97616093885,sai10@outlook.co.in,M,1959-12-25,VOTER-E977941,MEM-10468
TP-10195,CLM-00635,Chandani,,Chanda,Chandani Chanda,99877379315,chandani69@rediffmail.com,F,1996-12-09,UID-211136840191,MEM-10778
TP-10196,CLM-00651,Warinder,,Doctor,Warinder Doctor,99255821890,warinder48@rediffmail.com,M,1962-10-10,AADHAR-4749-9356-8439,
TP-10197,CLM-00654,Samar,,Lal,Samar Lal,98849621617,samar56@outlook.co.in,M,1966-11-04,UID-302283337899,
TP-10198,CLM-00658,Quincy,,Vaidya,Quincy Vaidya,99036172610,quincy12@live.com,M,1970-01-28,AADHAR-9516-2346-9587,
TP-10199,CLM-00659,Samar,,Sankaran,Samar Sankaran,97622221260,samar91@gmail.com,M,1979-01-10,UID-401437978073,
TP-10200,CLM-00660,Michael,,Lalla,Michael Lalla,97991806511,michael17@rediffmail.com,M,1969-08-13,AADHAR-9192-4345-3144,
TP-10201,CLM-00667,Kritika,,Chander,Kritika Chander,98726977756,kritika73@gmail.com,F,1950-04-07,AADHAR-5711-3878-1044,
TP-10202,CLM-00668,Zayan,,Sachar,Zayan Sachar,99928915921,zayan32@live.com,M,1961-01-18,UID-796337351915,
TP-10203,CLM-00669,Banjeet,,Gandhi,Banjeet Gandhi,97944654403,banjeet95@gmail.com,M,1998-08-27,VOTER-D306499,MEM-11270
TP-10204,CLM-00675,Om,,Kade,Om Kade,97690256567,om87@outlook.co.in,M,2002-08-19,VOTER-E877515,
TP-10205,CLM-00678,Utkarsh,,Bhalla,Utkarsh Bhalla,97585503453,utkarsh38@live.com,M,1976-10-13,UID-254353771739,
TP-10206,CLM-00687,Sudiksha,,Ramanathan,Sudiksha Ramanathan,97753147751,sudiksha53@live.com,F,1954-08-28,AADHAR-9896-5062-1176,
TP-10207,CLM-00688,Sai,,Majumdar,Sai Majumdar,99758282937,sai73@gmail.com,M,1972-09-27,UID-498340445204,
TP-10208,CLM-00692,Jhalak,,Kurian,Jhalak Kurian,98516607837,jhalak49@outlook.co.in,F,1988-02-05,VOTER-E203839,MEM-11326
TP-10209,CLM-00693,Bhavika,,Hayer,Bhavika Hayer,97825710536,bhavika27@hotmail.com,F,1973-07-27,VOTER-A872343,
TP-10210,CLM-00696,Aarav,,Badami,Aarav Badami,97054669750,aarav26@outlook.co.in,M,1980-12-27,UID-745494729705,MEM-11898
TP-10211,CLM-00698,Udyati,,Banerjee,Udyati Banerjee,99235864911,udyati64@outlook.co.in,F,1973-08-09,AADHAR-8636-4718-6690,
TP-10212,CLM-00707,Gaurav,,Chakrabarti,Gaurav Chakrabarti,98543017459,gaurav21@rediffmail.com,M,1998-09-15,AADHAR-4700-2947-9723,MEM-13273
TP-10213,CLM-00710,Ranveer,,Venkataraman,Ranveer Venkataraman,99700417027,ranveer99@live.com,M,1972-10-08,VOTER-A143834,
TP-10214,CLM-00714,Aditya,,Wadhwa,Aditya Wadhwa,97743721217,aditya34@yahoo.com,M,1970-04-17,AADHAR-1998-3314-7821,
TP-10215,CLM-00733,Michael,,Munshi,Michael Munshi,97566792447,michael40@outlook.co.in,M,1978-05-10,UID-189665020355,
TP-10216,CLM-00737,Dipta,,Agarwal,Dipta Agarwal,97797384194,dipta49@gmail.com,F,1961-02-05,AADHAR-7420-1576-7587,
TP-10217,CLM-00744,William,,Dalal,William Dalal,98161326846,william72@rediffmail.com,M,2002-02-15,VOTER-A992958,MEM-12458
TP-10218,CLM-00750,Jasmit,,More,Jasmit More,98955332574,jasmit39@gmail.com,F,1994-06-10,VOTER-C241318,MEM-11380
TP-10219,CLM-00751,Tejas,,Chada,Tejas Chada,97470770695,tejas39@hotmail.com,M,1968-09-15,UID-432350129143,
TP-10220,CLM-00752,Sachi,,Dass,Sachi Dass,99804393599,sachi61@yahoo.com,F,1950-04-26,AADHAR-4996-3930-7192,
TP-10221,CLM-00754,Abhiram,,Tiwari,Abhiram Tiwari,97861782632,abhiram69@outlook.co.in,M,1987-03-29,UID-288386228417,
TP-10222,CLM-00756,Vincent,,Konda,Vincent Konda,98272225322,vincent73@gmail.com,M,1989-11-09,AADHAR-2624-1800-5743,MEM-12806
TP-10223,CLM-00759,Amara,,Krishnamurthy,Amara Krishnamurthy,97432894837,amara91@live.com,F,1963-08-22,AADHAR-3884-1302-1634,
TP-10224,CLM-00762,Dayita,,Balan,Dayita Balan,98303387325,dayita72@hotmail.com,F,1955-07-07,UID-252892144401,
TP-10225,CLM-00766,Yamini,,Soman,Yamini Soman,99884450844,yamini47@gmail.com,F,1960-08-26,VOTER-B672416,MEM-12215
TP-10226,CLM-00771,Lavanya,,Chatterjee,Lavanya Chatterjee,98594984115,lavanya14@outlook.co.in,F,1994-02-13,AADHAR-3889-4362-5143,
TP-10227,CLM-00774,Aditya,,Bava,Aditya Bava,98776778426,aditya58@yahoo.com,M,2000-08-24,UID-391033346995,
TP-10228,CLM-00777,Tarak,,Lad,Tarak Lad,98122238381,tarak89@outlook.co.in,M,1971-12-16,VOTER-D534454,
TP-10229,CLM-00780,Kiaan,,Dixit,Kiaan Dixit,99301186436,kiaan99@outlook.co.in,M,1984-07-12,UID-125193196386,
TP-10230,CLM-00784,Dhriti,,Dixit,Dhriti Dixit,98572194672,dhriti49@outlook.co.in,F,1999-05-07,AADHAR-2719-9323-2917,
TP-10231,CLM-00788,Isha,,Sinha,Isha Sinha,98637441902,isha85@gmail.com,F,1959-08-10,AADHAR-3756-2360-3166,
TP-10232,CLM-00794,Wridesh,,Kaur,Wridesh Kaur,98496755432,wridesh71@yahoo.com,M,2001-03-29,UID-606414360145,MEM-12685
TP-10233,CLM-00796,Udarsh,,Badal,Udarsh Badal,97602150109,udarsh38@live.com,M,2002-06-02,AADHAR-9255-6738-6327,MEM-11192
TP-10234,CLM-00797,Abhimanyu,,Basu,Abhimanyu Basu,97427893897,abhimanyu96@outlook.co.in,M,2003-09-27,UID-213262949413,
TP-10235,CLM-00800,Kamala,,Taneja,Kamala Taneja,97384434967,kamala95@yahoo.com,F,1956-10-17,AADHAR-9022-2766-6064,
TP-10236,CLM-00802,Sanya,,Nair,Sanya Nair,98131512704,sanya20@outlook.co.in,F,1999-03-18,AADHAR-1114-1210-6534,
TP-10237,CLM-00804,Ishaan,,Datta,Ishaan Datta,99192826824,ishaan43@live.com,M,1975-05-08,VOTER-E169722,
TP-10238,CLM-00805,Kabir,,Minhas,Kabir Minhas,97976554116,kabir62@hotmail.com,M,1980-06-13,VOTER-A316182,
TP-10239,CLM-00808,Mekhala,,Naidu,Mekhala Naidu,99835226273,mekhala54@live.com,F,1990-06-24,VOTER-E196246,
TP-10240,CLM-00819,Pranav,,Kade,Pranav Kade,97596407762,pranav68@hotmail.com,M,1975-03-05,AADHAR-9939-8329-7036,MEM-10084
TP-10241,CLM-00820,Eesha,,Yogi,Eesha Yogi,99882917959,eesha90@gmail.com,F,1969-10-05,UID-264073726710,MEM-10013
TP-10242,CLM-00823,Madhavi,,Kumar,Madhavi Kumar,99983796873,madhavi17@live.com,F,1956-09-01,VOTER-E621245,
TP-10243,CLM-00825,Ekansh,,Singh,Ekansh Singh,99402603299,ekansh94@live.com,M,1976-05-24,VOTER-D280366,
TP-10244,CLM-00833,Ekavir,,Pai,Ekavir Pai,97037889295,ekavir76@hotmail.com,M,1982-03-05,AADHAR-1675-9522-4033,MEM-10733
TP-10245,CLM-00834,Dalaja,,Madan,Dalaja Madan,99662304622,dalaja95@yahoo.com,F,2004-06-07,AADHAR-6888-3045-5634,
TP-10246,CLM-00836,Aarav,,Comar,Aarav Comar,98743281174,aarav97@rediffmail.com,M,1990-04-22,UID-470863921085,MEM-13476
TP-10247,CLM-00840,Neel,,Banerjee,Neel Banerjee,99962645138,neel63@rediffmail.com,M,1959-01-01,VOTER-B719393,
TP-10248,CLM-00841,Krishna,,Som,Krishna Som,98032027672,krishna20@yahoo.com,F,1971-07-16,VOTER-C628247,MEM-11853
TP-10249,CLM-00845,Indrajit,,Panchal,Indrajit Panchal,99923801774,indrajit39@live.com,M,1986-02-07,VOTER-D265204,
TP-10250,CLM-00849,Anthony,,Sarin,Anthony Sarin,97576671699,anthony40@gmail.com,M,1990-07-18,UID-900110264930,
TP-10251,CLM-00853,Liam,,Chaudhari,Liam Chaudhari,99553926275,liam71@live.com,M,1995-11-16,VOTER-C434668,
TP-10252,CLM-00859,Ekani,,Brar,Ekani Brar,98913837574,ekani34@live.com,F,1985-06-18,UID-616136597021,
TP-10253,CLM-00860,Adya,,Kalla,Adya Kalla,98489076224,adya88@outlook.co.in,F,1992-04-12,VOTER-B814182,
TP-10254,CLM-00862,Yochana,,Nazareth,Yochana Nazareth,98290625222,yochana33@gmail.com,F,1954-05-20,VOTER-C187294,
TP-10255,CLM-00863,Advik,,Chander,Advik Chander,97371145804,advik42@gmail.com,M,1983-12-01,VOTER-C862250,
TP-10256,CLM-00865,Azaan,,Chowdhury,Azaan Chowdhury,99445456225,azaan43@yahoo.com,M,1981-01-03,UID-447288537234,
TP-10257,CLM-00868,Ranbir,,Kakar,Ranbir Kakar,98636821499,ranbir67@outlook.co.in,M,1964-04-11,VOTER-E565106,
TP-10258,CLM-00873,Gunbir,,Pal,Gunbir Pal,97024186178,gunbir61@gmail.com,M,1976-01-10,VOTER-B721015,
TP-10259,CLM-00876,Mekhala,,Dar,Mekhala Dar,99005012275,mekhala15@live.com,F,1984-07-31,UID-457127019942,
TP-10260,CLM-00880,Faras,,Randhawa,Faras Randhawa,97205206842,faras28@yahoo.com,M,1968-05-18,AADHAR-8471-5899-8545,MEM-12228
TP-10261,CLM-00881,Brijesh,,Behl,Brijesh Behl,99276670874,brijesh70@hotmail.com,M,1956-08-21,VOTER-A421638,
TP-10262,CLM-00885,Abeer,,Mohanty,Abeer Mohanty,98105588929,abeer75@gmail.com,M,1961-01-19,VOTER-B887579,
TP-10263,CLM-00887,Reyansh,,Chad,Reyansh Chad,98716647393,reyansh71@yahoo.com,M,2004-08-04,UID-167380684401,
TP-10264,CLM-00891,Vritti,,Dugar,Vritti Dugar,99464327997,vritti99@yahoo.com,F,1988-11-20,UID-534339259318,MEM-13272
TP-10265,CLM-00894,Triveni,,Khosla,Triveni Khosla,98262383270,triveni31@hotmail.com,F,1967-01-25,AADHAR-1086-9682-4331,MEM-13406
TP-10266,CLM-00900,Hardik,,Nagi,Hardik Nagi,97922139380,hardik83@outlook.co.in,M,1975-11-26,VOTER-A535405,
TP-10267,CLM-00904,Yashasvi,,Swamy,Yashasvi Swamy,97716902000,yashasvi65@yahoo.com,F,1986-06-30,VOTER-C282869,
TP-10268,CLM-00906,Ishwar,,Batra,Ishwar Batra,99736658755,ishwar21@outlook.co.in,M,1990-03-09,UID-475947720418,
TP-10269,CLM-00909,Samesh,,Balay,Samesh Balay,97410533087,samesh53@live.com,M,1975-07-14,UID-571444073576,
TP-10270,CLM-00910,Leena,,Mand,Leena Mand,97180298666,leena48@gmail.com,F,1987-03-04,AADHAR-2467-1274-5990,MEM-12126
TP-10271,CLM-00912,Yashvi,,Dora,Yashvi Dora,99424572214,yashvi14@yahoo.com,F,1999-09-13,UID-639462560930,MEM-13269
TP-10272,CLM-00918,Brijesh,,Khanna,Brijesh Khanna,98950356875,brijesh94@hotmail.com,M,1979-06-20,UID-557255393018,
TP-10273,CLM-00923,Kai,,Zacharia,Kai Zacharia,98828324233,kai88@yahoo.com,M,1983-04-04,AADHAR-5717-3867-9099,
TP-10274,CLM-00927,Victor,,Dugar,Victor Dugar,99631221993,victor86@outlook.co.in,M,1975-05-31,UID-991298951347,MEM-10086
TP-10275,CLM-00932,Azad,,Bakshi,Azad Bakshi,98273597296,azad29@yahoo.com,M,1995-12-02,VOTER-B105692,MEM-11359
TP-10276,CLM-00933,Ishita,,Edwin,Ishita Edwin,99786227916,ishita49@live.com,F,2005-02-21,AADHAR-7328-7317-5507,MEM-13227
TP-10277,CLM-00934,Aarini,,Behl,Aarini Behl,98173272322,aarini16@gmail.com,F,1968-01-17,VOTER-E431142,MEM-13062
TP-10278,CLM-00937,Farhan,,Zacharia,Farhan Zacharia,99854091674,farhan25@gmail.com,M,1978-04-03,UID-784542736548,
TP-10279,CLM-00938,Lipika,,Rana,Lipika Rana,97438436184,lipika65@gmail.com,F,1980-05-19,AADHAR-5026-5139-3401,MEM-12089
TP-10280,CLM-00946,Meera,,Sankaran,Meera Sankaran,97648622046,meera84@live.com,F,1980-10-27,AADHAR-9964-7524-3340,MEM-10294
TP-10281,CLM-00950,Urvi,,Behl,Urvi Behl,99043685892,urvi74@hotmail.com,F,1998-03-18,VOTER-A716917,
TP-10282,CLM-00955,Mitesh,,Mishra,Mitesh Mishra,98617814144,mitesh41@yahoo.com,M,1966-05-27,AADHAR-2285-4540-1356,MEM-13421
TP-10283,CLM-00966,Sneha,,Shanker,Sneha Shanker,99375103811,sneha41@hotmail.com,F,1960-03-10,VOTER-E872037,
TP-10284,CLM-00972,Girindra,,Nagy,Girindra Nagy,99705187418,girindra70@live.com,M,1970-12-26,AADHAR-5422-8831-7921,
TP-10285,CLM-00973,Aishani,,Pandey,Aishani Pandey,98318891103,aishani34@yahoo.com,F,1975-09-18,UID-976601793901,MEM-13165
TP-10286,CLM-00975,Kamala,,Sangha,Kamala Sangha,99187359730,kamala15@hotmail.com,F,1976-02-28,VOTER-E814050,
TP-10287,CLM-00976,Chavvi,,Jaggi,Chavvi Jaggi,98331827360,chavvi16@hotmail.com,F,1976-08-24,VOTER-D219669,MEM-10011
TP-10288,CLM-00980,Jagrati,,Salvi,Jagrati Salvi,97210660535,jagrati92@rediffmail.com,F,1996-06-14,AADHAR-9484-2007-2778,
TP-10289,CLM-00985,Dhruv,,Grover,Dhruv Grover,97271202563,dhruv54@yahoo.com,M,1990-10-30,UID-149228672834,
TP-10290,CLM-00991,Watika,,Madan,Watika Madan,99513827692,watika87@outlook.co.in,F,1990-06-25,AADHAR-2191-3989-4412,
TP-10291,CLM-01013,Yashawini,,Ratti,Yashawini Ratti,98412075110,yashawini84@hotmail.com,F,1959-10-21,AADHAR-3966-4855-3344,
TP-10292,CLM-01025,Wishi,,Chokshi,Wishi Chokshi,97601721331,wishi52@hotmail.com,F,1978-08-10,AADHAR-7111-9553-3405,
TP-10293,CLM-01027,Harinakshi,,Dhar,Harinakshi Dhar,99839738654,harinakshi69@yahoo.com,F,1974-12-24,UID-121499024040,
TP-10294,CLM-01032,Abha,,Thakkar,Abha Thakkar,98550346668,abha73@live.com,F,1998-07-11,AADHAR-5856-4790-6233,MEM-12392
TP-10295,CLM-01033,Finn,,Borde,Finn Borde,97280388149,finn68@hotmail.com,M,1973-01-19,VOTER-A896511,
TP-10296,CLM-01035,Harrison,,Bajaj,Harrison Bajaj,97487660508,harrison34@outlook.co.in,M,1957-09-16,AADHAR-5702-5784-8198,
TP-10297,CLM-01042,Ekapad,,Deshmukh,Ekapad Deshmukh,99255532870,ekapad28@gmail.com,M,1953-08-16,UID-264169614651,
TP-10298,CLM-01043,Suhani,,Oommen,Suhani Oommen,98034730288,suhani30@hotmail.com,F,1970-01-16,AADHAR-3245-6106-4967,
TP-10299,CLM-01047,Bhavani,,Barman,Bhavani Barman,99049284547,bhavani42@gmail.com,F,1989-11-10,VOTER-C273660,
TP-10300,CLM-01048,Yauvani,,Grover,Yauvani Grover,97551439290,yauvani89@yahoo.com,F,2007-08-29,UID-830050685252,MEM-13033
TP-10301,CLM-01049,Agastya,,Tak,Agastya Tak,98736143600,agastya57@live.com,M,1987-10-19,AADHAR-9488-5280-9038,
TP-10302,CLM-01051,Mitesh,,Yohannan,Mitesh Yohannan,98125940425,mitesh42@yahoo.com,M,1955-12-23,VOTER-E600481,
TP-10303,CLM-01058,Jacob,,Bal,Jacob Bal,99591661011,jacob34@yahoo.com,M,2000-05-24,VOTER-E547924,
TP-10304,CLM-01062,Anirudh,,Bera,Anirudh Bera,97415805695,anirudh43@hotmail.com,M,1991-06-08,VOTER-D768763,
TP-10305,CLM-01069,Hiral,,Barad,Hiral Barad,98033510635,hiral58@live.com,F,1976-10-23,UID-610441228880,MEM-11571
TP-10306,CLM-01071,Hemang,,Som,Hemang Som,97765798999,hemang18@yahoo.com,M,1963-06-17,UID-334665254976,MEM-11755
TP-10307,CLM-01074,Widisha,,Mukhopadhyay,Widisha Mukhopadhyay,99096420922,widisha61@yahoo.com,F,1974-02-27,AADHAR-1363-1017-8386,MEM-12947
TP-10308,CLM-01077,Ucchal,,Kala,Ucchal Kala,97886901886,ucchal87@live.com,F,2003-02-15,UID-224881048084,
TP-10309,CLM-01078,Yashodhara,,Mand,Yashodhara Mand,99060564536,yashodhara85@live.com,F,1993-06-14,VOTER-B500822,
TP-10310,CLM-01079,Faqid,,Kakar,Faqid Kakar,97082347185,faqid67@hotmail.com,M,1974-01-30,VOTER-E818229,
TP-10311,CLM-01083,Banjeet,,Parmar,Banjeet Parmar,97560322384,banjeet24@rediffmail.com,M,1994-10-20,UID-834954257492,
TP-10312,CLM-01084,Gaurika,,Zacharia,Gaurika Zacharia,97505452686,gaurika51@gmail.com,F,2001-07-09,AADHAR-7684-1536-1372,MEM-12411
TP-10313,CLM-01089,Sara,,Bali,Sara Bali,99567731400,sara26@outlook.co.in,F,1981-03-03,AADHAR-3795-8383-8548,
TP-10314,CLM-01090,Siddharth,,Kashyap,Siddharth Kashyap,98882288417,siddharth85@gmail.com,M,1997-11-18,VOTER-C112730,
TP-10315,CLM-01091,Mekhala,,Buch,Mekhala Buch,99942278944,mekhala78@rediffmail.com,F,2000-04-13,VOTER-A728670,MEM-12517
TP-10316,CLM-01092,Karan,,Biswas,Karan Biswas,97471083450,karan63@rediffmail.com,M,2000-09-28,AADHAR-1245-3396-1596,
TP-10317,CLM-01094,Ryan,,Om,Ryan Om,97214523326,ryan74@hotmail.com,M,1973-05-02,VOTER-D432254,
TP-10318,CLM-01098,Rachita,,Shah,Rachita Shah,99140490747,rachita44@yahoo.com,F,2000-08-15,AADHAR-9646-5687-6946,MEM-12160
TP-10319,CLM-01099,Kai,,Seshadri,Kai Seshadri,97498464495,kai53@live.com,M,1954-12-07,VOTER-D280311,
TP-10320,CLM-01100,Vivaan,,Shenoy,Vivaan Shenoy,97223512312,vivaan83@yahoo.com,M,1985-10-28,VOTER-D461892,
TP-10321,CLM-01106,Hema,,Sethi,Hema Sethi,97145087237,hema15@outlook.co.in,F,1969-10-11,UID-758364954206,
TP-10322,CLM-01108,Jeevika,,Bansal,Jeevika Bansal,99310980783,jeevika26@gmail.com,F,2004-02-06,UID-350823376990,MEM-10006
TP-10323,CLM-01114,Brijesh,,Sankar,Brijesh Sankar,97100389618,brijesh58@gmail.com,M,1962-11-29,AADHAR-3705-7472-1846,
TP-10324,CLM-01116,Vritti,,Rajagopalan,Vritti Rajagopalan,98668793701,vritti59@gmail.com,F,1959-06-16,AADHAR-6493-4911-8694,
TP-10325,CLM-01118,Wyatt,,Chana,Wyatt Chana,97011417375,wyatt41@live.com,M,1996-02-08,VOTER-C493234,MEM-12738
TP-10326,CLM-01119,Warda,,Dalal,Warda Dalal,98553259580,warda82@yahoo.com,F,1973-03-02,UID-220809004882,MEM-11295
TP-10327,CLM-01122,Yauvani,,Goyal,Yauvani Goyal,97464747527,yauvani87@rediffmail.com,F,2002-10-12,AADHAR-7152-5270-4640,
TP-10328,CLM-01123,Tanvi,,Bhardwaj,Tanvi Bhardwaj,98323536412,tanvi30@gmail.com,F,1969-07-02,AADHAR-1839-8430-1014,
TP-10329,CLM-01125,Bhavika,,Bali,Bhavika Bali,97500475024,bhavika76@hotmail.com,F,1951-06-16,AADHAR-6118-9294-8833,
TP-10330,CLM-01127,Devansh,,Dyal,Devansh Dyal,99680372990,devansh47@live.com,M,1961-08-25,AADHAR-1582-5168-3206,MEM-13189
TP-10331,CLM-01132,Nathan,,Chaudry,Nathan Chaudry,99174657543,nathan15@yahoo.com,M,1966-10-27,VOTER-E111159,
TP-10332,CLM-01137,Balendra,,Bajaj,Balendra Bajaj,99906470322,balendra20@outlook.co.in,M,1964-09-06,UID-977183882691,
TP-10333,CLM-01138,Bimala,,Rai,Bimala Rai,97991891763,bimala67@yahoo.com,F,1991-12-09,AADHAR-6210-6230-7217,
TP-10334,CLM-01141,Zansi,,Dhillon,Zansi Dhillon,99553674173,zansi82@yahoo.com,F,1973-01-07,UID-399304689397,
TP-10335,CLM-01142,Anusha,,Raj,Anusha Raj,99046661443,anusha85@gmail.com,F,2002-02-01,UID-671588048595,
TP-10336,CLM-01145,Gagan,,Wason,Gagan Wason,99278988084,gagan96@gmail.com,M,2007-10-20,UID-557735825427,
TP-10337,CLM-01146,Radha,,Raval,Radha Raval,99733994374,radha82@hotmail.com,F,2005-09-28,AADHAR-6574-3488-4815,
TP-10338,CLM-01151,Neha,,Lad,Neha Lad,99864915194,neha20@gmail.com,F,1974-06-23,VOTER-A201908,
TP-10339,CLM-01152,Barkha,,Solanki,Barkha Solanki,98406112538,barkha89@hotmail.com,F,1974-11-04,AADHAR-5388-6578-9512,
TP-10340,CLM-01154,Yug,,Loke,Yug Loke,98885929306,yug62@rediffmail.com,M,1993-03-14,UID-837646728636,
TP-10341,CLM-01157,Abha,,Shetty,Abha Shetty,97434690332,abha82@gmail.com,F,1970-03-27,AADHAR-2879-7915-8149,MEM-10961
TP-10342,CLM-01161,Libni,,Shere,Libni Shere,97933003454,libni82@rediffmail.com,F,1954-09-15,VOTER-B642657,
TP-10343,CLM-01163,Gopal,,Vala,Gopal Vala,97779562285,gopal33@yahoo.com,M,1961-04-24,AADHAR-8949-3940-2826,MEM-10875
TP-10344,CLM-01167,Sai,,Goel,Sai Goel,97871245956,sai70@yahoo.com,F,1967-12-13,VOTER-A795417,
TP-10345,CLM-01173,Timothy,,Gandhi,Timothy Gandhi,98177027556,timothy86@gmail.com,M,1975-03-15,VOTER-E732241,
TP-10346,CLM-01177,Radhika,,Mane,Radhika Mane,97885189099,radhika54@rediffmail.com,F,1998-01-21,VOTER-B520344,MEM-11157
TP-10347,CLM-01179,Sarthak,,Khurana,Sarthak Khurana,99012842922,sarthak32@outlook.co.in,M,1973-01-12,AADHAR-7655-2847-3956,
TP-10348,CLM-01180,Raagini,,Sen,Raagini Sen,97408072072,raagini72@yahoo.com,F,1979-08-12,AADHAR-8092-8398-4659,
TP-10349,CLM-01189,Laksh,,Deshmukh,Laksh Deshmukh,97186564146,laksh10@rediffmail.com,M,1970-05-17,UID-876887499588,
TP-10350,CLM-01190,Radha,,Sharma,Radha Sharma,98434972514,radha54@outlook.co.in,F,1968-11-21,AADHAR-8237-8704-6100,
TP-10351,CLM-01199,Madhavi,,Nagar,Madhavi Nagar,97655267777,madhavi84@hotmail.com,F,1975-12-31,UID-719360081139,
TP-10352,CLM-01200,Darpan,,Sidhu,Darpan Sidhu,97763477558,darpan12@hotmail.com,M,2003-05-28,VOTER-C503344,MEM-12022
TP-10353,CLM-01205,Frederick,,Dada,Frederick Dada,98654094927,frederick45@yahoo.com,M,1974-09-21,UID-539503402766,MEM-12533
TP-10354,CLM-01206,Alka,,Mand,Alka Mand,97713785153,alka43@gmail.com,F,1995-04-20,AADHAR-7602-5252-7249,MEM-13226
TP-10355,CLM-01208,Avni,,Dhawan,Avni Dhawan,98814894988,avni82@gmail.com,F,1991-09-14,UID-459576104291,
TP-10356,CLM-01216,Balendra,,Dubey,Balendra Dubey,99627848178,balendra98@gmail.com,M,2007-04-13,AADHAR-5887-4141-5743,
TP-10357,CLM-01219,Isaiah,,Tripathi,Isaiah Tripathi,97833115191,isaiah38@rediffmail.com,M,1991-03-16,UID-301409074544,MEM-12583
TP-10358,CLM-01227,Liam,,Tailor,Liam Tailor,98399618941,liam42@outlook.co.in,M,1978-09-06,AADHAR-1258-1885-2380,MEM-10232
TP-10359,CLM-01228,Ekaja,,Ahluwalia,Ekaja Ahluwalia,99930280540,ekaja24@hotmail.com,F,1981-12-01,UID-219799401284,
TP-10360,CLM-01241,Amara,,Mane,Amara Mane,97198510808,amara20@gmail.com,F,1994-08-02,VOTER-B928699,MEM-10810
TP-10361,CLM-01242,Rajata,,Deep,Rajata Deep,97729077046,rajata61@yahoo.com,F,1973-08-26,UID-692032821176,
TP-10362,CLM-01249,Yauvani,,Talwar,Yauvani Talwar,99657123268,yauvani15@live.com,F,1965-12-15,AADHAR-9962-1149-5262,
TP-10363,CLM-01251,Mitali,,Murthy,Mitali Murthy,98234886482,mitali69@rediffmail.com,F,1999-02-22,AADHAR-2718-3447-6261,MEM-10347
TP-10364,CLM-01252,Faqid,,Dayal,Faqid Dayal,99974617766,faqid91@gmail.com,M,2007-07-19,AADHAR-9702-7873-8084,MEM-13489
TP-10365,CLM-01257,Jasmit,,Kohli,Jasmit Kohli,97910233789,jasmit73@rediffmail.com,F,1985-03-08,VOTER-B242889,MEM-11110
TP-10366,CLM-01258,Anmol,,Padmanabhan,Anmol Padmanabhan,99419622808,anmol72@outlook.co.in,M,2003-06-25,AADHAR-4234-6078-5412,MEM-10486
TP-10367,CLM-01259,Aarna,,Jain,Aarna Jain,98071212262,aarna78@gmail.com,F,1981-02-17,UID-541318402464,
TP-10368,CLM-01260,Madhav,,Borah,Madhav Borah,99005828255,madhav89@gmail.com,M,1995-01-23,VOTER-D856530,
TP-10369,CLM-01263,Unni,,Pal,Unni Pal,98653866631,unni13@live.com,F,1979-11-09,VOTER-D340340,
TP-10370,CLM-01270,Avni,,Gill,Avni Gill,99804556786,avni63@yahoo.com,F,1966-01-28,VOTER-B352461,MEM-12484
TP-10371,CLM-01271,Leela,,Desai,Leela Desai,99286438821,leela34@hotmail.com,F,1950-05-02,UID-125623566117,
TP-10372,CLM-01272,Bimala,,Peri,Bimala Peri,98983950154,bimala80@hotmail.com,F,1985-03-17,AADHAR-5534-5379-2590,
TP-10373,CLM-01273,Ira,,Chahal,Ira Chahal,97232649218,ira24@rediffmail.com,F,1991-08-29,VOTER-D556256,
TP-10374,CLM-01275,Nicholas,,Tailor,Nicholas Tailor,97226847657,nicholas84@rediffmail.com,M,1974-10-23,AADHAR-2509-3441-8556,
TP-10375,CLM-01276,Hemang,,Srivastava,Hemang Srivastava,97241980209,hemang22@live.com,M,1976-12-10,UID-623584852802,
TP-10376,CLM-01280,Urvi,,Singhal,Urvi Singhal,98281098498,urvi68@hotmail.com,F,1960-06-07,UID-982131514403,
TP-10377,CLM-01283,Ayaan,,Suresh,Ayaan Suresh,98875347268,ayaan99@live.com,M,1983-09-09,AADHAR-7096-2655-4123,
TP-10378,CLM-01286,Andrew,,Chacko,Andrew Chacko,99983823922,andrew92@rediffmail.com,M,1986-05-27,VOTER-A172823,
TP-10379,CLM-01290,Sanaya,,Dara,Sanaya Dara,98470063554,sanaya58@yahoo.com,F,1988-09-13,VOTER-E990133,
TP-10380,CLM-01300,Mitesh,,Bir,Mitesh Bir,98609357803,mitesh24@outlook.co.in,M,1950-07-26,AADHAR-4558-6414-5136,
TP-10381,CLM-01304,Hema,,Dhillon,Hema Dhillon,97956853821,hema96@gmail.com,F,1966-11-20,AADHAR-2019-1540-5088,
TP-10382,CLM-01305,Warjas,,Sarkar,Warjas Sarkar,97706695529,warjas46@gmail.com,M,1952-06-15,AADHAR-8520-1384-4454,
TP-10383,CLM-01306,Amara,,Mane,Amara Mane,97198510808,amara20@gmail.com,F,1994-08-02,VOTER-B928699,MEM-10810
TP-10384,CLM-01310,Bhanumati,,Pal,Bhanumati Pal,99272772627,bhanumati64@yahoo.com,F,1964-06-30,AADHAR-4402-5291-8068,
TP-10385,CLM-01312,Kritika,,Buch,Kritika Buch,97917823647,kritika27@rediffmail.com,F,1976-05-30,VOTER-C848006,
TP-10386,CLM-01316,Imaran,,Radhakrishnan,Imaran Radhakrishnan,97557472852,imaran51@yahoo.com,M,2001-07-11,UID-734088615106,
TP-10387,CLM-01318,Lucky,,Dass,Lucky Dass,99933062122,lucky44@yahoo.com,M,1997-07-30,UID-150597335572,
TP-10388,CLM-01327,Lakshmi,,Sibal,Lakshmi Sibal,98219862991,lakshmi49@hotmail.com,F,1985-01-05,VOTER-E976491,MEM-11056
TP-10389,CLM-01330,Ekantika,,Kala,Ekantika Kala,97639948320,ekantika30@rediffmail.com,F,1997-03-25,VOTER-D998400,MEM-11165
TP-10390,CLM-01331,Lila,,Munshi,Lila Munshi,98879726956,lila35@yahoo.com,F,1956-12-14,VOTER-E953311,
TP-10391,CLM-01333,Nimrat,,Ravel,Nimrat Ravel,97787383819,nimrat74@gmail.com,F,1983-07-27,UID-326518681736,
TP-10392,CLM-01337,Zinal,,Mane,Zinal Mane,99773450208,zinal70@outlook.co.in,F,1999-10-02,UID-733236163318,MEM-13383
TP-10393,CLM-01340,Hemangini,,Natt,Hemangini Natt,99493977216,hemangini91@yahoo.com,F,1969-06-25,AADHAR-9178-3465-9669,
TP-10394,CLM-01342,Lekha,,Sharaf,Lekha Sharaf,98332136187,lekha60@rediffmail.com,F,1983-03-06,UID-210744962662,
TP-10395,CLM-01344,Orinder,,Prashad,Orinder Prashad,98651488317,orinder36@hotmail.com,M,1993-08-29,VOTER-D564127,
TP-10396,CLM-01345,Udyati,,Oza,Udyati Oza,98824493674,udyati80@outlook.co.in,F,2000-06-01,UID-607920807241,
TP-10397,CLM-01350,Balendra,,Hari,Balendra Hari,99652184692,balendra78@hotmail.com,M,1989-02-07,VOTER-D962766,
TP-10398,CLM-01359,Bina,,Shah,Bina Shah,99751029185,bina63@gmail.com,F,2001-08-02,VOTER-D926746,MEM-11064
TP-10399,CLM-01360,Lopa,,Narayan,Lopa Narayan,97337247205,lopa76@rediffmail.com,F,1974-03-31,AADHAR-2813-3491-3267,MEM-13163
TP-10400,CLM-01361,Baljiwan,,Bera,Baljiwan Bera,98163291541,baljiwan12@gmail.com,M,1986-05-23,VOTER-E509941,
TP-10401,CLM-01363,Saanvi,,Lall,Saanvi Lall,99593112026,saanvi80@gmail.com,F,1995-08-08,AADHAR-8792-1756-4187,MEM-11281
TP-10402,CLM-01365,Madhavi,,Mani,Madhavi Mani,97276264060,madhavi34@yahoo.com,F,1993-04-12,UID-101524223380,
TP-10403,CLM-01369,Sara,,Chaudry,Sara Chaudry,98380541224,sara37@outlook.co.in,F,2003-04-19,VOTER-C600692,
TP-10404,CLM-01372,Nidra,,Chaudhary,Nidra Chaudhary,98915834902,nidra68@yahoo.com,F,1977-01-15,UID-540771395236,
TP-10405,CLM-01374,Wyatt,,Bhatt,Wyatt Bhatt,99226419851,wyatt29@outlook.co.in,M,1993-09-27,UID-693775817733,MEM-11601
TP-10406,CLM-01382,Aashi,,Grover,Aashi Grover,98822751228,aashi87@hotmail.com,F,1973-12-25,VOTER-D527777,
TP-10407,CLM-01389,Yash,,Lalla,Yash Lalla,99820905662,yash62@live.com,M,1993-01-03,AADHAR-4009-8267-4278,
TP-10408,CLM-01393,Manya,,Prabhu,Manya Prabhu,97813408704,manya66@hotmail.com,F,1988-02-07,AADHAR-5994-2899-6333,
TP-10409,CLM-01399,Benjamin,,Tank,Benjamin Tank,98174510223,benjamin52@live.com,M,1974-01-24,VOTER-B344946,MEM-10288
TP-10410,CLM-01407,Abeer,,Raval,Abeer Raval,99134944573,abeer74@hotmail.com,M,1987-01-26,UID-813093039441,MEM-10192
TP-10411,CLM-01412,Xiti,,Virk,Xiti Virk,99118678354,xiti14@yahoo.com,F,1977-04-26,VOTER-B879336,
TP-10412,CLM-01413,Vivaan,,Sastry,Vivaan Sastry,98362104615,vivaan19@rediffmail.com,M,1967-10-07,VOTER-A847270,
TP-10413,CLM-01422,Logan,,Banik,Logan Banik,98589304267,logan32@gmail.com,M,1959-02-16,UID-843093389650,
TP-10414,CLM-01448,Neel,,Gupta,Neel Gupta,98705917553,neel77@live.com,M,1956-12-27,VOTER-A552557,
TP-10415,CLM-01451,Jagat,,Raman,Jagat Raman,97544986528,jagat91@yahoo.com,M,1962-10-31,UID-675217858160,
TP-10416,CLM-01454,Eiravati,,Raghavan,Eiravati Raghavan,98466177611,eiravati58@yahoo.com,F,1991-01-30,UID-129088756886,
TP-10417,CLM-01457,Onkar,,Om,Onkar Om,97834593194,onkar31@outlook.co.in,M,1968-02-04,VOTER-E262590,
TP-10418,CLM-01458,Ronith,,Parekh,Ronith Parekh,99055514879,ronith65@live.com,M,1966-01-10,AADHAR-6492-5620-1826,
TP-10419,CLM-01460,Abhiram,,Batra,Abhiram Batra,99211045737,abhiram75@hotmail.com,M,1986-02-18,AADHAR-5167-1518-5296,MEM-12355
TP-10420,CLM-01465,Praneel,,Sampath,Praneel Sampath,99564086421,praneel91@yahoo.com,M,2003-03-12,AADHAR-5703-5323-8643,
TP-10421,CLM-01467,Anamika,,Bali,Anamika Bali,99694795951,anamika50@rediffmail.com,F,1988-04-03,AADHAR-6811-2288-1884,
TP-10422,CLM-01472,Ekavir,,Kakar,Ekavir Kakar,99112911248,ekavir97@rediffmail.com,M,1959-05-28,AADHAR-7253-6710-9565,
TP-10423,CLM-01474,Ekaraj,,Doshi,Ekaraj Doshi,97240220140,ekaraj22@hotmail.com,M,1980-12-17,VOTER-D477927,
TP-10424,CLM-01475,Aadhya,,Soni,Aadhya Soni,97774527563,aadhya45@yahoo.com,F,2006-07-26,VOTER-D938796,
TP-10425,CLM-01477,Mason,,Shenoy,Mason Shenoy,98678880497,mason76@rediffmail.com,M,1964-10-13,UID-450510544529,MEM-13193
TP-10426,CLM-01478,Pranit,,Narain,Pranit Narain,98912143125,pranit82@hotmail.com,M,2002-10-10,AADHAR-5167-4291-9076,
TP-10427,CLM-01480,Quincy,,Tripathi,Quincy Tripathi,99319398898,quincy58@yahoo.com,M,2004-04-26,VOTER-E638861,
TP-10428,CLM-01483,Gabriel,,Gour,Gabriel Gour,99149313488,gabriel25@hotmail.com,M,1966-12-19,UID-670372013683,MEM-13239
TP-10429,CLM-01485,Caleb,,Kunda,Caleb Kunda,99355410321,caleb23@outlook.co.in,M,1991-04-10,VOTER-E931958,
TP-10430,CLM-01486,Abha,,Dhillon,Abha Dhillon,98733902505,abha94@gmail.com,F,1972-03-13,UID-927949778166,
TP-10431,CLM-01488,Sathvik,,Kannan,Sathvik Kannan,98695314267,sathvik99@hotmail.com,M,1955-04-22,AADHAR-2224-4942-2667,
TP-10432,CLM-01490,Kala,,Sahota,Kala Sahota,99731987279,kala48@yahoo.com,F,1975-03-06,VOTER-C909701,MEM-12218
TP-10433,CLM-01491,Riya,,Raj,Riya Raj,97669833663,riya19@yahoo.com,F,1974-06-26,AADHAR-1154-4538-3340,
TP-10434,CLM-01509,Krish,,Loyal,Krish Loyal,97737149807,krish12@hotmail.com,M,1952-02-14,AADHAR-6482-4961-7427,
TP-10435,CLM-01510,Kamya,,Bhattacharyya,Kamya Bhattacharyya,97345804103,kamya25@rediffmail.com,F,1981-09-08,VOTER-B106719,
TP-10436,CLM-01512,Manan,,Pai,Manan Pai,97504426736,manan95@outlook.co.in,M,1980-01-03,UID-987884801376,
TP-10437,CLM-01514,Ekantika,,Kata,Ekantika Kata,97089688758,ekantika86@rediffmail.com,F,1977-12-04,AADHAR-5022-4569-6497,MEM-10497
TP-10438,CLM-01518,Upkaar,,Das,Upkaar Das,97054029538,upkaar12@outlook.co.in,M,1994-04-27,UID-625978711850,
TP-10439,CLM-01522,Avi,,Parmar,Avi Parmar,99721444906,avi75@live.com,M,1962-09-08,UID-463542207081,
TP-10440,CLM-01523,Bhavini,,Muni,Bhavini Muni,98831243559,bhavini22@live.com,F,1981-11-30,VOTER-E110263,
TP-10441,CLM-01524,Udant,,Kumer,Udant Kumer,97197862488,udant87@live.com,M,1951-08-09,UID-152325778373,
TP-10442,CLM-01527,Chakrika,,Jhaveri,Chakrika Jhaveri,98270789625,chakrika91@hotmail.com,F,1966-04-02,VOTER-A822979,MEM-11627
TP-10443,CLM-01530,Kritika,,Khare,Kritika Khare,98026790476,kritika65@yahoo.com,F,1960-03-31,AADHAR-4242-9078-7169,
TP-10444,CLM-01533,Shravya,,Sarin,Shravya Sarin,99330781037,shravya47@gmail.com,F,1957-09-16,UID-638123258873,
TP-10445,CLM-01535,Isaiah,,Patil,Isaiah Patil,98139777678,isaiah61@gmail.com,M,1965-03-16,UID-200247222061,
TP-10446,CLM-01538,Saanvi,,Hayre,Saanvi Hayre,99276826845,saanvi62@outlook.co.in,F,1976-05-31,AADHAR-8649-4133-8932,MEM-13300
TP-10447,CLM-01542,Darika,,Anand,Darika Anand,99902047732,darika46@gmail.com,F,1971-10-15,UID-435469835143,
TP-10448,CLM-01545,Warda,,Cheema,Warda Cheema,98986607203,warda25@rediffmail.com,F,1995-11-29,AADHAR-7804-5985-6017,MEM-12539
TP-10449,CLM-01559,Maanav,,Sengupta,Maanav Sengupta,97169574014,maanav59@yahoo.com,M,2006-04-09,AADHAR-8369-5796-5135,
TP-10450,CLM-01564,William,,Agrawal,William Agrawal,98958741001,william25@live.com,M,1987-07-12,AADHAR-8208-5230-3917,MEM-10000
TP-10451,CLM-01568,Edhitha,,Nori,Edhitha Nori,97307416964,edhitha28@yahoo.com,F,1964-12-22,VOTER-B549455,
TP-10452,CLM-01587,Patrick,,Bhalla,Patrick Bhalla,99727009478,patrick86@live.com,M,1984-05-01,UID-454212223704,
TP-10453,CLM-01595,Victor,,Kurian,Victor Kurian,97391535855,victor61@rediffmail.com,M,1980-08-31,UID-658036899191,
TP-10454,CLM-01597,Owen,,Dey,Owen Dey,98973062670,owen79@hotmail.com,M,1957-04-15,VOTER-A443565,
TP-10455,CLM-01598,Elijah,,Bail,Elijah Bail,99875053417,elijah83@live.com,M,1955-01-28,UID-767193957063,
TP-10456,CLM-01607,Owen,,Chander,Owen Chander,97687424727,owen41@rediffmail.com,M,1950-12-23,AADHAR-6367-4507-6728,
TP-10457,CLM-01612,Jacob,,Dubey,Jacob Dubey,99200551092,jacob94@live.com,M,1951-08-04,AADHAR-7885-6769-1782,
TP-10458,CLM-01617,Vyanjana,,Wagle,Vyanjana Wagle,99920890437,vyanjana83@yahoo.com,F,2002-11-30,AADHAR-6635-5561-9182,
TP-10459,CLM-01634,Chakradev,,Bahl,Chakradev Bahl,98095737664,chakradev43@rediffmail.com,M,1996-10-26,AADHAR-7350-9130-5730,
TP-10460,CLM-01636,Mugdha,,Mody,Mugdha Mody,99021025642,mugdha55@outlook.co.in,F,1966-04-26,AADHAR-7498-8347-8778,
TP-10461,CLM-01643,Siddharth,,Raja,Siddharth Raja,97704232687,siddharth66@rediffmail.com,M,1999-05-16,VOTER-E418057,
TP-10462,CLM-01665,Jacob,,Sibal,Jacob Sibal,97931486135,jacob93@hotmail.com,M,1991-04-23,VOTER-A780773,MEM-10699
TP-10463,CLM-01667,Dayamai,,De,Dayamai De,97009378906,dayamai47@outlook.co.in,F,1964-10-25,UID-264974321202,MEM-10836
TP-10464,CLM-01671,Mitali,,Bala,Mitali Bala,97010887796,mitali46@live.com,F,1973-06-23,UID-743056555744,
TP-10465,CLM-01674,Ekiya,,Trivedi,Ekiya Trivedi,99576511939,ekiya94@hotmail.com,F,2004-10-22,VOTER-A235495,
TP-10466,CLM-01687,Lakshmi,,Tak,Lakshmi Tak,97498203819,lakshmi47@live.com,F,1959-04-04,UID-613542950772,
TP-10467,CLM-01693,Gaurang,,Solanki,Gaurang Solanki,99841295533,gaurang27@gmail.com,M,1982-07-29,AADHAR-8994-4016-7354,MEM-11443
TP-10468,CLM-01696,Ranbir,,Soman,Ranbir Soman,97178558949,ranbir64@hotmail.com,M,1997-05-26,AADHAR-3878-4366-9455,
TP-10469,CLM-01712,Guneet,,Pant,Guneet Pant,97060364994,guneet74@live.com,M,1966-06-30,AADHAR-8167-6411-6160,
TP-10470,CLM-01714,Andrew,,Tak,Andrew Tak,98665056554,andrew13@gmail.com,M,1960-03-30,UID-657422890133,
TP-10471,CLM-01717,Shivansh,,Goyal,Shivansh Goyal,99720671022,shivansh39@rediffmail.com,M,1996-01-15,AADHAR-4846-4414-4389,
TP-10472,CLM-01718,Ranbir,,Bahl,Ranbir Bahl,98769359426,ranbir35@outlook.co.in,M,1969-08-12,VOTER-B745508,
TP-10473,CLM-01723,Ijaya,,Oak,Ijaya Oak,97294373621,hema74@yahoo.com,M,1987-08-10,UID-929833631892,
TP-10474,CLM-01725,Ria,,Mittal,Ria Mittal,97348971483,ria69@gmail.com,F,1960-12-09,UID-616987145216,
TP-10475,CLM-01728,Sanaya,,Sen,Sanaya Sen,99063732982,sanaya78@rediffmail.com,F,1966-08-31,UID-459956918714,MEM-11917
TP-10476,CLM-01729,Hredhaan,,Sandal,Hredhaan Sandal,97067585189,hredhaan86@hotmail.com,M,1981-02-15,UID-848685023224,MEM-12357
TP-10477,CLM-01731,Niharika,,Bail,Niharika Bail,99096369618,niharika96@yahoo.com,F,1990-02-20,UID-685142195450,
TP-10478,CLM-01732,Jalsa,,Kapur,Jalsa Kapur,98361593109,jalsa89@hotmail.com,F,1971-08-02,VOTER-B852658,
TP-10479,CLM-01736,Simon,,Char,Simon Char,97461115968,simon40@live.com,M,1990-09-06,UID-785386407299,
TP-10480,CLM-01739,Vanya,,Sule,Vanya Sule,99849020776,vanya49@hotmail.com,F,1965-12-20,VOTER-A800930,MEM-13453
TP-10481,CLM-01743,Chasmum,,Panchal,Chasmum Panchal,97699656869,chasmum69@outlook.co.in,F,1977-04-12,AADHAR-6786-8932-7528,
TP-10482,CLM-01746,Ekalinga,,Mani,Ekalinga Mani,99097743706,ekalinga12@yahoo.com,M,2004-03-18,AADHAR-8271-1343-6506,
TP-10483,CLM-01749,Hema,,Doctor,Hema Doctor,98223867819,hema88@gmail.com,F,1966-03-09,UID-324126293463,
TP-10484,CLM-01750,Leena,,Chacko,Leena Chacko,99433987390,leena86@live.com,F,1982-08-20,UID-483840663169,
TP-10485,CLM-01751,Ekani,,Nayar,Ekani Nayar,98825511260,ekani21@hotmail.com,F,1974-03-29,VOTER-E577040,
TP-10486,CLM-01752,Adya,,Bose,Adya Bose,97138949660,adya78@rediffmail.com,F,1981-08-02,AADHAR-5617-7783-9570,
TP-10487,CLM-01753,Watika,,Purohit,Watika Purohit,99598734557,watika40@yahoo.com,F,1987-11-16,AADHAR-7150-6639-8839,
TP-10488,CLM-01758,Jacob,,Kapur,Jacob Kapur,98762231535,jacob79@gmail.com,M,1971-09-16,VOTER-B729802,MEM-12707
TP-10489,CLM-01761,Liam,,Khurana,Liam Khurana,98988593186,liam94@outlook.co.in,M,1974-06-14,VOTER-D446411,
TP-10490,CLM-01763,Jeremiah,,Nazareth,Jeremiah Nazareth,98637756292,jeremiah47@hotmail.com,M,2004-11-23,UID-611038134579,MEM-13088
TP-10491,CLM-01764,Vedhika,,Korpal,Vedhika Korpal,97943318115,vedhika73@hotmail.com,F,1973-11-21,VOTER-B247570,
TP-10492,CLM-01769,Jagrati,,Boase,Jagrati Boase,98045326945,jagrati58@gmail.com,F,1963-06-21,VOTER-A786920,
TP-10493,CLM-01776,Frado,,Keer,Frado Keer,97024992583,frado61@hotmail.com,M,1971-06-30,AADHAR-3232-2563-7447,
TP-10494,CLM-01778,Widisha,,Sandhu,Widisha Sandhu,98309921043,widisha28@rediffmail.com,F,1977-06-22,AADHAR-7416-4761-7890,
TP-10495,CLM-01791,Aishani,,Mangat,Aishani Mangat,97612459216,aishani78@live.com,F,1964-11-23,VOTER-B122257,
TP-10496,CLM-01796,Sai,,Aggarwal,Sai Aggarwal,98849718021,sai19@outlook.co.in,F,2002-06-02,VOTER-B492986,
TP-10497,CLM-01801,Chandresh,,Chhabra,Chandresh Chhabra,98110866940,chandresh47@rediffmail.com,M,1956-11-25,UID-833253371278,
TP-10498,CLM-01803,Shivani,,Kala,Shivani Kala,99694466310,shivani85@hotmail.com,F,1991-12-07,AADHAR-9918-9035-5820,
TP-10499,CLM-01808,Darpan,,Kala,Darpan Kala,97574872362,darpan14@yahoo.com,M,1998-07-09,AADHAR-6961-2324-2692,MEM-12777
TP-10500,CLM-01815,Karan,,Patel,Karan Patel,98736727333,karan30@yahoo.com,M,1954-12-31,UID-330302653448,
TP-10501,CLM-01822,Vrishti,,Chaudhary,Vrishti Chaudhary,98625146772,vrishti68@gmail.com,F,1999-09-17,VOTER-B752386,
TP-10502,CLM-01825,Warda,,Dalal,Warda Dalal,98553259580,warda82@yahoo.com,F,1973-03-02,UID-220809004882,MEM-11295
TP-10503,CLM-01828,Divya,,Dhawan,Divya Dhawan,98885932277,divya35@yahoo.com,F,1966-09-18,UID-749834687035,
TP-10504,CLM-01831,Kritika,,Dalal,Kritika Dalal,97289733662,kritika16@gmail.com,F,1966-03-16,VOTER-C634119,
TP-10505,CLM-01838,Ojasvi,,Banerjee,Ojasvi Banerjee,99652206256,ojasvi59@live.com,F,1985-12-01,VOTER-A842123,MEM-12836
TP-10506,CLM-01842,Tamanna,,Kashyap,Tamanna Kashyap,97380083191,tamanna76@hotmail.com,F,1993-12-15,VOTER-B571940,
TP-10507,CLM-01855,Faraj,,Bava,Faraj Bava,98754661035,faraj21@rediffmail.com,M,1997-03-25,UID-859814598750,
TP-10508,CLM-01857,Bhavani,,Rege,Bhavani Rege,97012752507,bhavani67@outlook.co.in,F,1980-10-28,VOTER-B754677,
TP-10509,CLM-01859,Bhavna,,Golla,Bhavna Golla,98418111988,bhavna99@live.com,F,1980-01-13,AADHAR-5309-1238-2494,
TP-10510,CLM-01864,Qasim,,Bose,Qasim Bose,97919878685,qasim41@gmail.com,M,1977-02-06,VOTER-D796614,
TP-10511,CLM-01865,Veer,,Ramesh,Veer Ramesh,98002881250,veer14@outlook.co.in,M,1997-01-17,UID-701119087542,
TP-10512,CLM-01866,Nandini,,Pradhan,Nandini Pradhan,97914623454,nandini27@rediffmail.com,F,1971-03-28,AADHAR-8994-2813-7055,MEM-11864
TP-10513,CLM-01869,Vidhi,,Guha,Vidhi Guha,98593409410,vidhi80@rediffmail.com,F,1996-01-21,AADHAR-3408-4556-7115,MEM-10951
TP-10514,CLM-01886,Peter,,Arya,Peter Arya,98039103598,peter97@rediffmail.com,M,2000-11-16,AADHAR-7360-9350-5319,
TP-10515,CLM-01891,Wridesh,,Warrior,Wridesh Warrior,99980118544,wridesh29@rediffmail.com,M,1978-11-13,VOTER-A264821,
TP-10516,CLM-01894,Rehaan,,Bose,Rehaan Bose,99511668627,rehaan28@hotmail.com,M,1975-07-11,UID-946443650262,
TP-10517,CLM-01895,Tanay,,Warrior,Tanay Warrior,99412584206,tanay47@rediffmail.com,M,1985-03-19,VOTER-B467145,
TP-10518,CLM-01897,Arya,,Tata,Arya Tata,99187279897,arya42@live.com,F,1966-02-06,AADHAR-7807-5584-8655,
TP-10519,CLM-01900,Aadhya,,Manda,Aadhya Manda,98672288853,aadhya51@rediffmail.com,F,2003-09-23,AADHAR-8684-8213-6952,MEM-12305
TP-10520,CLM-01904,Michael,,Issac,Michael Issac,98952501206,michael40@yahoo.com,M,2004-01-13,AADHAR-8645-5602-1563,
TP-10521,CLM-01907,Qushi,,Rama,Qushi Rama,98045258712,qushi92@yahoo.com,F,1959-07-10,UID-515338799307,
TP-10522,CLM-01908,Sai,,Brahmbhatt,Sai Brahmbhatt,97298998058,sai16@yahoo.com,F,1954-09-28,UID-681609768256,
TP-10523,CLM-01911,Wriddhish,,Nair,Wriddhish Nair,98521436810,wriddhish82@live.com,M,1955-01-03,AADHAR-5882-4964-6922,
TP-10524,CLM-01912,Vrinda,,Cheema,Vrinda Cheema,99893503811,vrinda22@hotmail.com,F,1950-12-01,VOTER-D121773,
TP-10525,CLM-01915,Krishna,,Saha,Krishna Saha,99484761238,krishna98@outlook.co.in,M,2003-01-15,VOTER-D684929,
TP-10526,CLM-01917,Ati,,Pant,Ati Pant,98357363610,ati95@outlook.co.in,F,1949-12-21,AADHAR-2694-1297-2020,
TP-10527,CLM-01924,Jeremiah,,Chopra,Jeremiah Chopra,98321557386,jeremiah70@live.com,M,1975-10-23,VOTER-B723627,
TP-10528,CLM-01925,Inaya,,Chacko,Inaya Chacko,99604481741,inaya77@outlook.co.in,F,1953-10-04,VOTER-D921834,
TP-10529,CLM-01927,Xalak,,Dubey,Xalak Dubey,97480487562,xalak61@yahoo.com,F,1950-11-07,UID-938098604344,
TP-10530,CLM-01929,Vedika,,Chaudhary,Vedika Chaudhary,99552182004,vedika21@gmail.com,F,1977-10-25,UID-605900987650,
TP-10531,CLM-01930,Abhiram,,Divan,Abhiram Divan,99432284065,abhiram15@outlook.co.in,M,1978-12-09,VOTER-A875002,
TP-10532,CLM-01933,Varenya,,Datta,Varenya Datta,99381338791,varenya51@live.com,F,2000-05-19,UID-556783745531,MEM-12693
TP-10533,CLM-01937,Priya,,Brar,Priya Brar,98073140551,priya31@live.com,F,1958-09-26,VOTER-C281400,
TP-10534,CLM-01942,Neelima,,Sane,Neelima Sane,98353751126,neelima84@rediffmail.com,F,1966-03-04,VOTER-A562670,
TP-10535,CLM-01950,Madhavi,,Saini,Madhavi Saini,98178978827,madhavi15@rediffmail.com,F,2000-07-15,UID-921320858880,
TP-10536,CLM-01953,Advika,,Sani,Advika Sani,98421562245,advika31@rediffmail.com,F,1958-12-07,AADHAR-6289-7866-9769,
TP-10537,CLM-01954,Jairaj,,Kala,Jairaj Kala,99464309956,jairaj93@rediffmail.com,M,1998-10-06,UID-424183663155,MEM-12512
TP-10538,CLM-01957,Vedika,,Buch,Vedika Buch,98773253360,vedika64@yahoo.com,F,1968-09-11,AADHAR-3056-5952-9926,
TP-10539,CLM-01959,Luke,,Mohan,Luke Mohan,99215292689,luke60@gmail.com,M,1961-10-12,VOTER-A206507,
TP-10540,CLM-01961,Amaira,,Vaidya,Amaira Vaidya,98320836704,amaira35@outlook.co.in,F,1982-01-10,VOTER-C326674,MEM-11887
TP-10541,CLM-01969,Hardik,,Kara,Hardik Kara,97877623558,hardik94@live.com,M,1992-09-18,UID-362976347034,MEM-11145
TP-10542,CLM-01973,Aarush,,Mannan,Aarush Mannan,97963221901,aarush30@outlook.co.in,M,1988-09-16,VOTER-E876053,
TP-10543,CLM-01978,Qarin,,Bava,Qarin Bava,99077362693,qarin88@yahoo.com,M,1998-11-10,AADHAR-6360-5507-6338,MEM-12558
TP-10544,CLM-01981,Xiti,,Balay,Xiti Balay,97637335376,xiti70@live.com,F,1956-05-24,AADHAR-6528-3646-4744,
TP-10545,CLM-01983,Chandresh,,Mohan,Chandresh Mohan,97908894139,chandresh16@yahoo.com,M,1995-04-04,AADHAR-6512-6471-7466,
TP-10546,CLM-01984,Lila,,Lalla,Lila Lalla,98681278425,lila52@live.com,F,1961-06-07,UID-265090896879,MEM-11513
TP-10547,CLM-01988,Dalbir,,Venkataraman,Dalbir Venkataraman,98357772296,dalbir92@yahoo.com,M,1985-04-14,UID-851146005071,
TP-10548,CLM-01992,Eta,,Kapadia,Eta Kapadia,98588085732,eta42@yahoo.com,F,1977-10-16,AADHAR-7222-8432-4288,MEM-12153
TP-10549,CLM-01994,Jack,,Kapadia,Jack Kapadia,98690672490,jack85@rediffmail.com,M,1998-04-01,VOTER-C855206,MEM-10305
TP-10550,CLM-01995,Ekanta,,Lala,Ekanta Lala,97669343266,ekanta39@live.com,F,2007-04-16,UID-380291403478,MEM-11836
TP-10551,CLM-02001,Jhalak,,Soman,Jhalak Soman,99421038719,jhalak35@live.com,F,2006-02-03,UID-277368391688,MEM-10727
TP-10552,CLM-02002,Shaurya,,Raman,Shaurya Raman,97388816772,shaurya26@gmail.com,M,1998-06-03,AADHAR-4691-9418-4805,
TP-10553,CLM-02004,Vyanjana,,Mohanty,Vyanjana Mohanty,97806057256,vyanjana97@gmail.com,F,2004-02-18,VOTER-D922947,
TP-10554,CLM-02007,Leela,,Ramaswamy,Leela Ramaswamy,99882273546,leela10@yahoo.com,F,2001-04-04,UID-996237133511,MEM-13405
TP-10555,CLM-02014,Jagvi,,Nadkarni,Jagvi Nadkarni,98895365125,jagvi73@rediffmail.com,F,2006-12-19,AADHAR-3685-2519-7800,MEM-11132
TP-10556,CLM-02025,Hredhaan,,Saha,Hredhaan Saha,97852380540,hredhaan26@yahoo.com,M,1986-01-01,UID-143766918519,
TP-10557,CLM-02027,Hema,,Dalal,Hema Dalal,97540682604,hema30@gmail.com,F,1978-04-12,VOTER-D676866,
TP-10558,CLM-02028,Urvashi,,Bumb,Urvashi Bumb,97750078291,urvashi50@yahoo.com,F,1995-05-10,UID-948966093068,
TP-10559,CLM-02038,Ekalinga,,Mohanty,Ekalinga Mohanty,99953599110,ekalinga14@gmail.com,M,1979-01-17,AADHAR-5596-6817-9074,
TP-10560,CLM-02040,Gaurangi,,Dasgupta,Gaurangi Dasgupta,97912555988,gaurangi24@hotmail.com,F,2004-02-02,AADHAR-1761-7485-5992,
TP-10561,CLM-02042,Warinder,,Guha,Warinder Guha,99166107866,warinder37@outlook.co.in,M,1952-04-06,UID-772946149400,
TP-10562,CLM-02050,Chameli,,Shroff,Chameli Shroff,98315211341,chameli48@yahoo.com,F,1978-12-20,AADHAR-2394-4048-7198,
TP-10563,CLM-02051,Lakshmi,,Krishna,Lakshmi Krishna,98077849524,lakshmi68@rediffmail.com,F,1962-12-02,VOTER-C760080,
TP-10564,CLM-02055,Kashvi,,Bhat,Kashvi Bhat,97334936054,kashvi54@hotmail.com,F,1961-08-03,AADHAR-9316-8711-5307,
TP-10565,CLM-02058,Rajata,,Shankar,Rajata Shankar,99438973408,rajata26@outlook.co.in,F,1985-04-04,UID-122142193466,MEM-10231
TP-10566,CLM-02059,Chasmum,,Sood,Chasmum Sood,98326804818,chasmum41@outlook.co.in,F,1971-02-24,VOTER-D240504,MEM-10837
TP-10567,CLM-02060,Peter,,Vasa,Peter Vasa,99530651854,peter61@live.com,M,1987-11-21,AADHAR-3971-3561-8869,
TP-10568,CLM-02063,Lavanya,,Wason,Lavanya Wason,98289141588,lavanya25@outlook.co.in,F,1965-12-18,AADHAR-7084-9920-1524,
TP-10569,CLM-02065,Indira,,Chaudhary,Indira Chaudhary,97917254603,indira88@outlook.co.in,F,1987-11-08,AADHAR-1796-9740-1849,MEM-13465
TP-10570,CLM-02067,Varenya,,Merchant,Varenya Merchant,97889315832,varenya54@rediffmail.com,F,1995-10-17,UID-424671857718,MEM-12260
TP-10571,CLM-02073,Chasmum,,Peri,Chasmum Peri,99296828566,chasmum87@outlook.co.in,F,2007-02-22,VOTER-A224149,MEM-12213
TP-10572,CLM-02076,Sai,,Venkataraman,Sai Venkataraman,97866570654,sai75@outlook.co.in,F,1988-12-13,VOTER-A698797,
TP-10573,CLM-02087,Leena,,Wali,Leena Wali,97654575766,leena86@yahoo.com,F,1964-03-15,UID-676225508011,
TP-10574,CLM-02094,Tarak,,Dhillon,Tarak Dhillon,98700945808,tarak63@rediffmail.com,M,1954-09-09,AADHAR-8926-8169-8730,
TP-10575,CLM-02097,Vasatika,,Kale,Vasatika Kale,97647457591,vasatika56@outlook.co.in,F,1956-03-27,UID-133902206394,
TP-10576,CLM-02100,Gaurangi,,Palan,Gaurangi Palan,99741549114,gaurangi56@rediffmail.com,F,1988-06-11,AADHAR-7978-6644-5282,
TP-10577,CLM-02107,Vrinda,,Sami,Vrinda Sami,98294869368,vrinda36@rediffmail.com,F,1964-07-02,VOTER-A606830,
TP-10578,CLM-02108,Arunima,,Lad,Arunima Lad,99446248438,arunima95@yahoo.com,F,2002-08-29,AADHAR-9306-5347-9180,
TP-10579,CLM-02112,Gaurangi,,Master,Gaurangi Master,99622790934,gaurangi59@yahoo.com,F,1951-01-25,UID-973105741223,
TP-10580,CLM-02116,Sneha,,Dube,Sneha Dube,98344097432,sneha88@live.com,F,1992-06-03,UID-299937278515,MEM-10770
TP-10581,CLM-02120,Gaurika,,Grewal,Gaurika Grewal,97866830240,gaurika21@hotmail.com,F,1968-12-01,UID-458629412002,
TP-10582,CLM-02123,Tanvi,,Balakrishnan,Tanvi Balakrishnan,99392433910,tanvi85@live.com,F,2002-04-05,AADHAR-4782-2365-6104,MEM-11930
TP-10583,CLM-02130,Urishilla,,Gara,Urishilla Gara,97853707530,urishilla53@rediffmail.com,F,1978-07-09,AADHAR-5919-3329-1038,MEM-10667
TP-10584,CLM-02131,Gautami,,Dayal,Gautami Dayal,99869571323,gautami63@rediffmail.com,F,1968-03-09,UID-406058960389,
TP-10585,CLM-02141,Zarna,,Hans,Zarna Hans,98633466718,zarna94@outlook.co.in,F,1972-04-19,VOTER-E489737,MEM-10100
TP-10586,CLM-02142,Watika,,Rajagopalan,Watika Rajagopalan,99278740407,watika46@outlook.co.in,F,2001-01-24,AADHAR-7808-9728-8603,
TP-10587,CLM-02145,Waida,,Venkatesh,Waida Venkatesh,99836809662,waida99@gmail.com,F,1979-05-17,VOTER-C663082,MEM-11093
TP-10588,CLM-02148,Tanveer,,Mittal,Tanveer Mittal,98046360868,tanveer64@hotmail.com,M,2002-04-25,UID-948628201651,MEM-10318
TP-10589,CLM-02155,Amol,,Wali,Amol Wali,98021380935,amol21@live.com,M,1981-05-03,UID-531471811335,
TP-10590,CLM-02158,Devika,,Bains,Devika Bains,97402499359,devika23@yahoo.com,F,2006-10-03,VOTER-D604840,MEM-12721
TP-10591,CLM-02163,Frederick,,Lanka,Frederick Lanka,97132845510,frederick58@yahoo.com,M,2003-06-09,VOTER-C692108,
TP-10592,CLM-02164,Dalbir,,Bath,Dalbir Bath,98267408907,dalbir40@gmail.com,M,1959-01-02,AADHAR-8273-9482-6529,
TP-10593,CLM-02167,Zaid,,Dua,Zaid Dua,99746354022,zaid39@live.com,M,1969-11-29,VOTER-B788127,
TP-10594,CLM-02172,Urvi,,Badami,Urvi Badami,97552508178,urvi26@hotmail.com,F,2006-12-21,AADHAR-1185-7245-5155,
TP-10595,CLM-02175,Neel,,Dasgupta,Neel Dasgupta,97268842637,neel32@gmail.com,M,2005-06-08,VOTER-B356625,
TP-10596,CLM-02176,Hitesh,,Walla,Hitesh Walla,98206365422,hitesh93@live.com,M,2003-09-23,AADHAR-7747-3548-4552,MEM-11238
TP-10597,CLM-02178,Tripti,,Murty,Tripti Murty,97405432516,tripti37@live.com,F,1954-12-01,UID-737365114631,
TP-10598,CLM-02181,Yashoda,,Taneja,Yashoda Taneja,97381005364,yashoda78@outlook.co.in,F,1983-06-01,VOTER-D122458,MEM-12870
TP-10599,CLM-02182,Rachita,,Shetty,Rachita Shetty,97733990674,rachita86@gmail.com,F,1976-10-29,VOTER-D839718,MEM-12266
TP-10600,CLM-02183,Vedant,,Setty,Vedant Setty,98229890329,vedant19@hotmail.com,M,1993-04-16,UID-586482101153,MEM-12439
TP-10601,CLM-02191,Yutika,,Doctor,Yutika Doctor,98163829011,yutika65@yahoo.com,F,1980-12-24,UID-967314495627,
TP-10602,CLM-02198,Dalaja,,Bumb,Dalaja Bumb,99925770678,dalaja50@yahoo.com,F,1975-08-20,UID-141124663793,MEM-10615
TP-10603,CLM-02204,Nitara,,Wagle,Nitara Wagle,98112242497,nitara62@outlook.co.in,F,2003-10-04,UID-473613699639,
TP-10604,CLM-02205,Krishna,,Nagar,Krishna Nagar,99169886617,krishna38@rediffmail.com,M,1951-09-04,VOTER-A630166,
TP-10605,CLM-02208,Isaiah,,Choudhary,Isaiah Choudhary,99876206601,isaiah96@rediffmail.com,M,1987-06-21,VOTER-A782701,MEM-12507
TP-10606,CLM-02211,Chaaya,,Pillay,Chaaya Pillay,97751745927,chaaya98@gmail.com,F,1981-01-26,AADHAR-8320-9361-8657,
TP-10607,CLM-02216,Sarthak,,Hari,Sarthak Hari,99914348014,sarthak74@hotmail.com,M,1983-10-24,UID-543413487695,MEM-13370
TP-10608,CLM-02225,Arin,,Kalla,Arin Kalla,98109077791,arin50@rediffmail.com,M,1998-04-24,AADHAR-3101-9027-9597,
TP-10609,CLM-02226,Niharika,,Sama,Niharika Sama,99323621844,niharika31@gmail.com,F,1993-05-14,UID-951837874799,
TP-10610,CLM-02230,Tarak,,Bhat,Tarak Bhat,98435611458,tarak38@yahoo.com,M,1959-02-02,UID-303506866973,
TP-10611,CLM-02234,Bhavna,,Iyer,Bhavna Iyer,99651061177,bhavna76@hotmail.com,F,1986-04-03,VOTER-A392481,MEM-11412
TP-10612,CLM-02237,Zinal,,Mohanty,Zinal Mohanty,97510017918,zinal64@rediffmail.com,F,1985-12-26,VOTER-D497853,
TP-10613,CLM-02238,Upma,,Rastogi,Upma Rastogi,97580229264,upma70@yahoo.com,F,1972-03-31,UID-734289038327,
TP-10614,CLM-02243,Balveer,,Grewal,Balveer Grewal,97165516048,balveer62@hotmail.com,M,1972-01-31,UID-711384880451,
TP-10615,CLM-02244,Gauri,,Devi,Gauri Devi,98318894575,gauri92@rediffmail.com,F,1972-09-26,VOTER-B761102,MEM-12797
TP-10616,CLM-02249,Om,,Taneja,Om Taneja,98325359212,om90@rediffmail.com,M,1964-12-22,UID-490225564850,MEM-13048
TP-10617,CLM-02260,Vasatika,,Kade,Vasatika Kade,98455640475,vasatika93@live.com,F,1983-09-17,VOTER-B806683,
TP-10618,CLM-02261,Garima,,Bandi,Garima Bandi,97271133411,garima88@rediffmail.com,F,1997-06-19,VOTER-E321024,
TP-10619,CLM-02267,Kai,,Dora,Kai Dora,99914988301,kai91@live.com,M,1955-10-13,VOTER-B412710,
TP-10620,CLM-02275,Amruta,,Dass,Amruta Dass,97529762892,amruta75@live.com,F,1974-08-02,AADHAR-5266-4993-2402,
TP-10621,CLM-02279,Ishita,,Naidu,Ishita Naidu,97867836116,ishita45@gmail.com,F,1974-12-18,UID-760430829498,
TP-10622,CLM-02281,Gautami,,Pant,Gautami Pant,99048759201,gautami93@hotmail.com,F,1993-11-13,AADHAR-2965-5774-9138,MEM-12783
TP-10623,CLM-02282,Diya,,Sankaran,Diya Sankaran,99912542424,diya50@outlook.co.in,F,1980-11-08,UID-540741796648,
TP-10624,CLM-02292,Jatin,,Bhatia,Jatin Bhatia,97734361553,jatin59@rediffmail.com,M,1997-12-02,VOTER-C244000,
TP-10625,CLM-02294,Kashish,,Mohanty,Kashish Mohanty,98494568122,kashish29@gmail.com,F,1987-07-01,VOTER-B506949,MEM-10175
TP-10626,CLM-02295,Sai,,Chaudry,Sai Chaudry,99008294159,sai16@rediffmail.com,M,1969-12-11,UID-443138502515,MEM-10893
TP-10627,CLM-02303,Ekansh,,Naidu,Ekansh Naidu,99023592855,ekansh93@hotmail.com,M,1976-02-28,AADHAR-4622-4001-3096,MEM-13424
TP-10628,CLM-02304,Samesh,,Dhawan,Samesh Dhawan,99346613984,samesh28@live.com,M,1964-02-23,UID-330469175981,
TP-10629,CLM-02311,Qushi,,Ram,Qushi Ram,98148968553,qushi81@outlook.co.in,F,1980-08-24,AADHAR-3352-1081-1527,MEM-10425
TP-10630,CLM-02315,Ekiya,,Dara,Ekiya Dara,98563349067,ekiya19@gmail.com,F,1956-11-27,VOTER-A269753,
TP-10631,CLM-02319,Daksh,,Murthy,Daksh Murthy,99413747076,daksh29@rediffmail.com,M,1974-09-15,VOTER-E968924,MEM-12579
TP-10632,CLM-02322,Balveer,,Saxena,Balveer Saxena,97011040474,balveer18@outlook.co.in,M,1964-05-07,UID-662418842470,MEM-10932
TP-10633,CLM-02332,Anika,,Memon,Anika Memon,99429685260,anika79@rediffmail.com,F,1968-08-06,UID-545284783405,MEM-10227
TP-10634,CLM-02340,Krisha,,Rajagopalan,Krisha Rajagopalan,99623965350,krisha69@rediffmail.com,F,1972-12-12,UID-953190653822,MEM-12939
TP-10635,CLM-02358,Anya,,Pandit,Anya Pandit,98493060640,anya75@gmail.com,F,2000-08-15,UID-916701021127,MEM-13441
TP-10636,CLM-02361,Pooja,,Sachar,Pooja Sachar,97457695313,pooja78@live.com,F,1964-04-04,UID-804600504711,
TP-10637,CLM-02370,Xalak,,Sekhon,Xalak Sekhon,98090379459,xalak19@gmail.com,F,1988-06-03,UID-983641953301,MEM-10066
TP-10638,CLM-02371,Dominic,,Mangal,Dominic Mangal,97763253994,dominic71@rediffmail.com,M,1954-03-22,UID-642764902690,
TP-10639,CLM-02376,Yutika,,Walia,Yutika Walia,97503397412,yutika23@hotmail.com,F,1962-03-29,AADHAR-6316-6118-3314,
TP-10640,CLM-02377,Gaurang,,Trivedi,Gaurang Trivedi,99032189710,gaurang74@yahoo.com,M,1984-05-29,AADHAR-6034-7417-5274,
TP-10641,CLM-02379,Shravya,,Kar,Shravya Kar,97008713315,shravya22@gmail.com,F,2007-02-20,AADHAR-7512-7919-9205,
TP-10642,CLM-02383,Yauvani,,Srivastava,Yauvani Srivastava,97951543376,yauvani95@rediffmail.com,F,1976-02-05,VOTER-A560282,
TP-10643,CLM-02387,Arunima,,Karan,Arunima Karan,98628764338,arunima69@outlook.co.in,F,1961-07-25,AADHAR-5470-2760-8852,
TP-10644,CLM-02392,Saksham,,Tank,Saksham Tank,99303611712,saksham80@hotmail.com,M,1978-01-30,UID-133038377784,MEM-12648
TP-10645,CLM-02393,Jatin,,Dhaliwal,Jatin Dhaliwal,98601132264,jatin56@outlook.co.in,M,1994-11-17,UID-170043883401,
TP-10646,CLM-02396,Tejas,,Tata,Tejas Tata,98825797860,tejas64@outlook.co.in,M,1989-03-12,AADHAR-2920-6065-1269,MEM-10653
TP-10647,CLM-02399,Nilima,,Mody,Nilima Mody,97608666387,nilima71@hotmail.com,F,1991-01-18,AADHAR-2332-5384-9549,MEM-10224
TP-10648,CLM-02403,Sai,,Sarin,Sai Sarin,99225742774,sai72@hotmail.com,M,1971-08-02,AADHAR-8065-9656-2336,
TP-10649,CLM-02408,Gayathri,,Deol,Gayathri Deol,99988364776,gayathri40@rediffmail.com,F,1951-04-12,UID-239048332792,
TP-10650,CLM-02409,Daksh,,Cherian,Daksh Cherian,99153772777,daksh51@yahoo.com,M,1990-06-10,AADHAR-3282-3352-6322,MEM-10182
TP-10651,CLM-02410,Kevin,,Grover,Kevin Grover,99047899096,kevin66@rediffmail.com,M,1950-04-18,UID-441893874811,
TP-10652,CLM-02416,Hema,,Badami,Hema Badami,98068125833,hema93@outlook.co.in,F,1963-11-07,AADHAR-2067-7638-4900,
TP-10653,CLM-02423,Yashawini,,Sinha,Yashawini Sinha,99151947833,yashawini26@live.com,F,1976-01-14,UID-748553822715,
TP-10654,CLM-02426,Pranit,,Cheema,Pranit Cheema,98712187961,pranit44@live.com,M,1965-04-14,UID-158997644157,
TP-10655,CLM-02430,Aditya,,Gokhale,Aditya Gokhale,99411034936,aditya85@rediffmail.com,M,1999-01-01,AADHAR-8934-5996-5716,
TP-10656,CLM-02437,Dev,,Agarwal,Dev Agarwal,98973441534,dev28@live.com,M,1965-05-23,AADHAR-4864-3399-1282,MEM-13183
TP-10657,CLM-02442,Balendra,,Choudhary,Balendra Choudhary,98544510177,balendra71@live.com,M,1973-12-17,UID-966927031917,
TP-10658,CLM-02444,Tanmayi,,Lanka,Tanmayi Lanka,98058202162,tanmayi53@live.com,F,2005-03-14,UID-315134611242,
TP-10659,CLM-02446,Simon,,Sama,Simon Sama,99135306785,simon57@hotmail.com,M,1999-06-19,VOTER-E309745,
TP-10660,CLM-02447,Yagnesh,,Patel,Yagnesh Patel,98071880361,yagnesh42@yahoo.com,M,1995-08-25,VOTER-D359429,MEM-10122
TP-10661,CLM-02448,Orinder,,Wali,Orinder Wali,98740541446,orinder71@outlook.co.in,M,1967-10-25,UID-418934756158,MEM-12934
TP-10662,CLM-02454,Yashica,,Kant,Yashica Kant,97276681222,yashica66@yahoo.com,F,1989-06-30,VOTER-D165712,MEM-11825
TP-10663,CLM-02463,Anamika,,Kaul,Anamika Kaul,99734081253,anamika70@outlook.co.in,F,1983-07-23,VOTER-B557582,
TP-10664,CLM-02465,Bhavna,,Khalsa,Bhavna Khalsa,97741677149,bhavna98@outlook.co.in,F,1995-02-12,VOTER-A666031,MEM-12065
TP-10665,CLM-02466,Vrishti,,Jani,Vrishti Jani,98319014360,vrishti66@live.com,F,1980-10-23,UID-636086929867,MEM-10007
TP-10666,CLM-02469,Radha,,Hayre,Radha Hayre,99359802776,radha13@rediffmail.com,F,1989-02-12,VOTER-D377404,
TP-10667,CLM-02472,Azad,,Bakshi,Azad Bakshi,98273597296,azad29@yahoo.com,M,1995-12-02,VOTER-B105692,MEM-11359
TP-10668,CLM-02476,Abha,,Krishnamurthy,Abha Krishnamurthy,99372518841,abha41@hotmail.com,F,1952-08-12,UID-158678066812,
TP-10669,CLM-02481,Saumya,,Nayak,Saumya Nayak,98368921582,saumya52@gmail.com,F,1991-06-19,VOTER-A652001,MEM-11585
TP-10670,CLM-02482,Wishi,,Mani,Wishi Mani,97799606899,wishi98@hotmail.com,F,1986-09-19,AADHAR-6287-7609-1944,MEM-12209
TP-10671,CLM-02485,Daksh,,Gaba,Daksh Gaba,97462925959,daksh17@hotmail.com,M,1982-10-20,VOTER-B453325,
TP-10672,CLM-02487,Girik,,Loke,Girik Loke,97494802181,girik83@hotmail.com,M,1997-06-14,AADHAR-9909-6085-9769,
TP-10673,CLM-02489,Zilmil,,Wason,Zilmil Wason,99237169036,zilmil15@live.com,F,1964-07-19,AADHAR-7162-6430-5396,
TP-10674,CLM-02492,Krisha,,Mody,Krisha Mody,99946426803,krisha33@rediffmail.com,F,1998-12-26,AADHAR-3556-4460-7819,MEM-11172
TP-10675,CLM-02501,Faras,,Merchant,Faras Merchant,97766103465,faras54@outlook.co.in,M,1990-09-27,VOTER-D186027,
TP-10676,CLM-02504,Raagini,,Oak,Raagini Oak,97213227547,raagini14@yahoo.com,F,1991-12-26,VOTER-C994230,
TP-10677,CLM-02505,Chaman,,Varghese,Chaman Varghese,99606654639,chaman41@yahoo.com,F,1962-02-07,UID-114726892056,
TP-10678,CLM-02506,Kai,,Narain,Kai Narain,99215556635,kai27@gmail.com,M,1966-01-31,UID-714139092182,
TP-10679,CLM-02509,Aishani,,Kothari,Aishani Kothari,99602147100,aishani62@hotmail.com,F,1988-12-03,AADHAR-5308-7004-2824,MEM-10826
TP-10680,CLM-02512,Kamala,,Chaudry,Kamala Chaudry,98085562966,kamala20@live.com,F,1985-07-18,AADHAR-7698-1143-6570,MEM-13156
TP-10681,CLM-02526,Peter,,Bala,Peter Bala,97736214094,peter35@live.com,M,1966-08-11,AADHAR-6875-4203-6348,
TP-10682,CLM-02529,Jatin,,Toor,Jatin Toor,97970442769,jatin25@outlook.co.in,M,1998-04-17,AADHAR-5754-7283-3323,MEM-10438
TP-10683,CLM-02530,William,,Atwal,William Atwal,98305210464,william65@live.com,M,2003-06-26,AADHAR-8214-9235-7146,
TP-10684,CLM-02532,Balveer,,Grewal,Balveer Grewal,99519631036,balveer71@gmail.com,M,1956-12-15,UID-168781372035,
TP-10685,CLM-02533,Warda,,Khanna,Warda Khanna,97372628097,warda30@yahoo.com,F,1980-07-31,VOTER-C648287,MEM-10238
TP-10686,CLM-02538,Forum,,Divan,Forum Divan,99365839249,forum95@rediffmail.com,F,1961-04-28,UID-255157054296,MEM-12277
TP-10687,CLM-02539,Qadim,,Srinivasan,Qadim Srinivasan,98286537532,qadim45@yahoo.com,M,1991-09-30,UID-687544865134,
TP-10688,CLM-02547,Ucchal,,Sha,Ucchal Sha,98289073479,ucchal28@live.com,F,1996-04-30,AADHAR-2437-6801-6680,
TP-10689,CLM-02549,Arunima,,Mody,Arunima Mody,97567883114,arunima99@live.com,F,1997-08-07,VOTER-C355542,
TP-10690,CLM-02554,Samarth,,Bhasin,Samarth Bhasin,98396009641,samarth51@live.com,M,1961-09-11,UID-957166707970,
TP-10691,CLM-02556,Maanav,,Dara,Maanav Dara,99278345020,maanav55@live.com,M,1956-12-26,UID-607797650323,
TP-10692,CLM-02559,Ishaan,,Raghavan,Ishaan Raghavan,98661268381,ishaan67@yahoo.com,M,1974-06-16,VOTER-B704914,
TP-10693,CLM-02567,Yashoda,,Pingle,Yashoda Pingle,98375082205,yashoda68@rediffmail.com,F,1976-04-12,UID-324596158584,
TP-10694,CLM-02578,Nicholas,,Setty,Nicholas Setty,97012172889,nicholas54@hotmail.com,M,2007-01-07,AADHAR-8689-7127-1173,MEM-10925
TP-10695,CLM-02582,Tanmayi,,Kashyap,Tanmayi Kashyap,99298216334,tanmayi48@outlook.co.in,F,1988-02-17,AADHAR-4300-9080-4651,MEM-12469
TP-10696,CLM-02587,Nihal,,Baria,Nihal Baria,99402073067,nihal71@yahoo.com,M,1955-03-26,UID-623568272188,
TP-10697,CLM-02588,Peter,,Wable,Peter Wable,98708977122,peter55@rediffmail.com,M,1996-12-28,VOTER-B893336,MEM-10658
TP-10698,CLM-02590,Nachiket,,Mallick,Nachiket Mallick,99107689459,nachiket18@rediffmail.com,M,2000-11-06,AADHAR-5048-9562-2268,
TP-10699,CLM-02592,Yutika,,Hora,Yutika Hora,98935183267,yutika88@yahoo.com,F,1975-08-21,UID-242031774142,
TP-10700,CLM-02604,Januja,,Jhaveri,Januja Jhaveri,97792229029,januja15@hotmail.com,F,1988-04-29,UID-997300069900,
TP-10701,CLM-02607,Urvi,,Sandhu,Urvi Sandhu,99392444691,urvi98@outlook.co.in,F,1959-12-17,VOTER-A488098,
TP-10702,CLM-02609,Nilima,,Sarraf,Nilima Sarraf,97145961132,nilima32@gmail.com,F,1980-01-26,AADHAR-7196-6871-8451,
TP-10703,CLM-02610,Elijah,,Morar,Elijah Morar,97741176929,elijah91@yahoo.com,M,1967-03-29,UID-988740061289,MEM-11896
TP-10704,CLM-02613,Sara,,Kaul,Sara Kaul,97669462526,sara81@live.com,F,1951-05-29,AADHAR-6930-3820-3331,
TP-10705,CLM-02615,David,,Pall,David Pall,97907504814,david59@live.com,M,1998-02-16,AADHAR-1438-4587-8507,MEM-13002
TP-10706,CLM-02617,Bhavya,,Varughese,Bhavya Varughese,97947786200,bhavya12@rediffmail.com,F,1950-06-01,VOTER-A680412,
TP-10707,CLM-02622,Hema,,Mukherjee,Hema Mukherjee,99812574800,hema33@gmail.com,F,2006-03-11,UID-933974013181,MEM-10271
TP-10708,CLM-02630,Dakshesh,,Chandran,Dakshesh Chandran,99756550255,dakshesh36@live.com,M,2002-06-27,VOTER-A375219,
TP-10709,CLM-02632,Anya,,Chahal,Anya Chahal,98872275556,anya31@gmail.com,F,1991-08-13,UID-296361618874,MEM-10696
TP-10710,CLM-02633,Avni,,Wagle,Avni Wagle,97239931376,avni87@gmail.com,F,1975-03-16,AADHAR-5187-7789-2289,
TP-10711,CLM-02635,Robert,,Ganguly,Robert Ganguly,99582393040,robert94@gmail.com,M,1965-08-14,AADHAR-6488-5992-6856,
TP-10712,CLM-02641,Warjas,,Dalal,Warjas Dalal,99684966033,warjas38@outlook.co.in,M,1956-11-25,VOTER-D625710,
TP-10713,CLM-02642,Gagan,,Pradhan,Gagan Pradhan,97186549704,gagan80@outlook.co.in,M,1988-11-13,AADHAR-4482-4816-4246,MEM-10199
TP-10714,CLM-02643,Jeet,,Mammen,Jeet Mammen,98614479758,jeet93@live.com,M,1996-10-25,UID-607305976793,
TP-10715,CLM-02645,Max,,Bail,Max Bail,98848473942,max58@live.com,M,1983-03-16,VOTER-C961336,
TP-10716,CLM-02647,Shivani,,Loke,Shivani Loke,99983016219,shivani43@hotmail.com,F,2004-06-04,AADHAR-5127-5052-6591,
TP-10717,CLM-02670,Balvan,,Parmer,Balvan Parmer,98177153245,balvan99@live.com,M,1999-10-14,AADHAR-9268-8774-2142,
TP-10718,CLM-02672,Yashasvi,,Koshy,Yashasvi Koshy,97834866870,yashasvi47@outlook.co.in,F,1999-12-14,UID-270609497428,
TP-10719,CLM-02675,Gabriel,,Bath,Gabriel Bath,97248490657,gabriel71@gmail.com,M,1976-01-20,UID-192620702294,MEM-11645
TP-10720,CLM-02680,Faraj,,Bobal,Faraj Bobal,99646892300,faraj74@yahoo.com,M,2004-11-11,AADHAR-2532-9919-7013,
TP-10721,CLM-02682,Aarush,,Malhotra,Aarush Malhotra,99178071156,aarush98@yahoo.com,M,1964-11-26,UID-188969991924,MEM-11117
TP-10722,CLM-02687,Wishi,,Nanda,Wishi Nanda,99427579368,wishi97@hotmail.com,F,1958-04-04,VOTER-B817733,
TP-10723,CLM-02699,Vedant,,Puri,Vedant Puri,98364363115,vedant75@rediffmail.com,M,1969-09-29,UID-338969010837,
TP-10724,CLM-02700,Quincy,,Yogi,Quincy Yogi,97607910454,quincy64@rediffmail.com,M,1977-03-04,VOTER-D534527,MEM-11279
TP-10725,CLM-02701,Nihal,,Nanda,Nihal Nanda,99991744483,nihal74@gmail.com,M,1976-07-03,AADHAR-8191-4515-6503,
TP-10726,CLM-02707,Nisha,,Vaidya,Nisha Vaidya,97795461274,nisha67@yahoo.com,F,1979-06-17,AADHAR-3597-1069-4377,
TP-10727,CLM-02709,Yashvi,,Swaminathan,Yashvi Swaminathan,99274021710,yashvi33@hotmail.com,F,1987-09-29,AADHAR-3036-6840-4252,
TP-10728,CLM-02715,Charita,,Goel,Charita Goel,98587808180,charita31@live.com,F,1977-07-22,VOTER-E727675,MEM-12734
TP-10729,CLM-02722,Ekiya,,Murty,Ekiya Murty,99564000981,ekiya27@hotmail.com,F,2000-05-22,UID-631701670987,MEM-11742
TP-10730,CLM-02727,Damyanti,,Comar,Damyanti Comar,99291075374,damyanti61@live.com,F,2005-10-03,AADHAR-8829-2453-7389,MEM-12031
TP-10731,CLM-02729,Idika,,Khatri,Idika Khatri,98388627029,idika28@hotmail.com,F,1994-11-08,AADHAR-4479-6837-4282,
TP-10732,CLM-02730,Mohini,,Brahmbhatt,Mohini Brahmbhatt,99456537363,mohini15@yahoo.com,F,1951-05-09,UID-506562779168,
TP-10733,CLM-02731,Ekapad,,Sur,Ekapad Sur,98558484097,ekapad71@yahoo.com,M,1957-11-06,AADHAR-5131-3039-5494,
TP-10734,CLM-02733,Kalpit,,Dhar,Kalpit Dhar,97521450724,kalpit88@live.com,M,1962-03-24,VOTER-D824621,
TP-10735,CLM-02742,Azaan,,Edwin,Azaan Edwin,97761365904,azaan67@outlook.co.in,M,2000-02-25,AADHAR-7726-6279-3876,
TP-10736,CLM-02750,Jackson,,Rajagopal,Jackson Rajagopal,98077905068,jackson53@rediffmail.com,M,1974-10-26,UID-922732206666,
TP-10737,CLM-02752,Ojasvi,,Dalal,Ojasvi Dalal,98515865675,ojasvi20@yahoo.com,F,2007-08-23,UID-968004569814,
TP-10738,CLM-02754,Mahika,,Ray,Mahika Ray,98062632419,mahika51@yahoo.com,F,1962-02-25,AADHAR-5218-1479-1790,
TP-10739,CLM-02761,Abhimanyu,,Nagarajan,Abhimanyu Nagarajan,98089054032,abhimanyu45@live.com,M,1954-09-04,AADHAR-7722-9422-2034,
TP-10740,CLM-02765,Jagvi,,Kibe,Jagvi Kibe,99090890991,jagvi15@gmail.com,F,1980-10-21,UID-841439595305,MEM-10618
TP-10741,CLM-02768,William,,Halder,William Halder,99201596764,william92@yahoo.com,M,1953-09-02,VOTER-A274682,
TP-10742,CLM-02770,Eiravati,,Dugar,Eiravati Dugar,99773337556,eiravati11@rediffmail.com,F,2000-02-01,AADHAR-3563-1941-9091,MEM-13495
TP-10743,CLM-02771,Yashawini,,Thaker,Yashawini Thaker,99833979361,yashawini70@yahoo.com,F,1996-08-29,VOTER-C869563,
TP-10744,CLM-02778,Victor,,Dalal,Victor Dalal,98157762209,victor19@live.com,M,2002-05-09,AADHAR-8475-6345-5136,
TP-10745,CLM-02782,Varenya,,Tandon,Varenya Tandon,98926277569,varenya45@gmail.com,F,1986-02-08,AADHAR-4432-1445-6740,
TP-10746,CLM-02784,Pranit,,Lata,Pranit Lata,97981077565,pranit86@live.com,M,2002-04-23,UID-456450899918,
TP-10747,CLM-02794,Kalpit,,Mann,Kalpit Mann,97392796772,kalpit91@yahoo.com,M,1993-01-18,VOTER-D815674,MEM-10519
TP-10748,CLM-02796,Ekapad,,Mangal,Ekapad Mangal,98176940460,ekapad49@outlook.co.in,M,1984-06-22,UID-910313100019,
TP-10749,CLM-02799,Reva,,Virk,Reva Virk,97264416588,reva73@yahoo.com,F,1982-03-24,AADHAR-1283-9211-5074,
TP-10750,CLM-02802,Imaran,,Purohit,Imaran Purohit,99074188028,imaran51@outlook.co.in,M,1983-03-28,VOTER-A400275,
TP-10751,CLM-02804,Luke,,Loyal,Luke Loyal,98104754813,luke80@yahoo.com,M,2004-10-27,AADHAR-4267-2471-4016,
TP-10752,CLM-02805,Falguni,,Sankaran,Falguni Sankaran,97016210915,falguni88@gmail.com,F,1983-01-28,VOTER-C165491,
TP-10753,CLM-02816,Nikita,,Dugar,Nikita Dugar,99486713685,nikita80@rediffmail.com,F,2004-08-11,UID-558723038260,MEM-13253
TP-10754,CLM-02818,Vidhi,,Datta,Vidhi Datta,97547643458,vidhi27@outlook.co.in,F,1953-07-14,AADHAR-2327-8677-3866,
TP-10755,CLM-02822,Diya,,Bhatnagar,Diya Bhatnagar,97315050580,diya31@hotmail.com,F,1974-07-22,AADHAR-7621-8127-7262,
TP-10756,CLM-02829,Henry,,Chakraborty,Henry Chakraborty,98496309892,henry57@live.com,M,1992-04-18,VOTER-E841896,MEM-11042
TP-10757,CLM-02840,Ekalinga,,Dhaliwal,Ekalinga Dhaliwal,98115854297,ekalinga86@outlook.co.in,M,1986-12-23,VOTER-C695163,
TP-10758,CLM-02842,Darsh,,Madan,Darsh Madan,97950056674,darsh27@rediffmail.com,M,1957-08-25,UID-914601599606,
TP-10759,CLM-02845,Faqid,,Malhotra,Faqid Malhotra,98747089151,faqid71@yahoo.com,M,1978-12-02,VOTER-E648944,
TP-10760,CLM-02853,Ekani,,Wason,Ekani Wason,98876640277,ekani82@outlook.co.in,F,1960-08-24,VOTER-D364955,
TP-10761,CLM-02855,Upasna,,Suresh,Upasna Suresh,99387264987,upasna28@outlook.co.in,F,1964-07-07,UID-924957600260,
TP-10762,CLM-02864,Inaya,,Mani,Inaya Mani,99763971604,inaya93@hotmail.com,F,1999-03-24,UID-720454376253,
TP-10763,CLM-02865,Gopal,,Bhardwaj,Gopal Bhardwaj,98503708425,gopal65@yahoo.com,M,1960-06-09,AADHAR-7419-4058-3638,
TP-10764,CLM-02866,Falguni,,Gaba,Falguni Gaba,98010192040,falguni92@outlook.co.in,F,1955-09-30,VOTER-A989271,
TP-10765,CLM-02868,Barkha,,Gulati,Barkha Gulati,97382392867,barkha61@live.com,F,1966-04-27,AADHAR-3805-4809-1198,
TP-10766,CLM-02871,Brijesh,,Garg,Brijesh Garg,97333545710,brijesh48@gmail.com,M,1992-11-21,VOTER-C828797,
TP-10767,CLM-02873,Elijah,,Babu,Elijah Babu,97420113905,elijah74@live.com,M,1964-12-05,AADHAR-7407-9946-7493,
TP-10768,CLM-02879,Rachana,,Kumar,Rachana Kumar,97848698117,rachana56@rediffmail.com,F,1968-08-01,UID-952858637510,
TP-10769,CLM-02882,David,,Sura,David Sura,98678227045,david81@rediffmail.com,M,1955-01-09,VOTER-A227665,
TP-10770,CLM-02883,Kalpit,,Sarma,Kalpit Sarma,99461693442,kalpit41@yahoo.com,M,1965-07-20,UID-899048680319,MEM-10349
TP-10771,CLM-02888,Jatin,,Minhas,Jatin Minhas,99402638442,jatin55@gmail.com,M,1977-05-20,VOTER-A238869,MEM-12835
TP-10772,CLM-02892,Hamsini,,Chanda,Hamsini Chanda,99345990922,hamsini25@outlook.co.in,F,1950-06-11,UID-377270470594,
TP-10773,CLM-02899,Vanya,,Kala,Vanya Kala,98704374239,vanya36@yahoo.com,F,1981-12-29,VOTER-B393744,
TP-10774,CLM-02901,Lakshmi,,Datta,Lakshmi Datta,98374383065,lakshmi81@outlook.co.in,F,1969-05-09,AADHAR-5513-7755-8045,MEM-11209
TP-10775,CLM-02904,Panini,,Pandya,Panini Pandya,97754397842,panini13@hotmail.com,F,1965-02-28,AADHAR-8613-7915-7896,MEM-12638
TP-10776,CLM-02905,William,,Sha,William Sha,98915065318,william90@live.com,M,1993-01-21,UID-149116914840,
TP-10777,CLM-02906,Ganga,,Rout,Ganga Rout,98730091860,ganga77@rediffmail.com,F,1983-12-11,AADHAR-1931-7345-5714,
TP-10778,CLM-02907,Suhani,,Shankar,Suhani Shankar,98252949789,suhani96@outlook.co.in,F,2007-05-21,VOTER-C637563,MEM-12841
TP-10779,CLM-02911,Rohan,,Sood,Rohan Sood,98937809011,rohan49@gmail.com,M,1981-03-16,AADHAR-2720-4724-7476,MEM-12541
TP-10780,CLM-02914,Balvan,,Verma,Balvan Verma,97223490139,balvan74@outlook.co.in,M,2002-05-27,VOTER-D540616,
TP-10781,CLM-02916,Vritti,,Khare,Vritti Khare,99742777797,vritti16@yahoo.com,F,1977-06-11,VOTER-C898254,
TP-10782,CLM-02917,Siddharth,,Ramesh,Siddharth Ramesh,99508879838,siddharth77@yahoo.com,M,1991-06-18,VOTER-A423606,
TP-10783,CLM-02920,Leena,,Lalla,Leena Lalla,98968470202,leena59@hotmail.com,F,1963-05-29,AADHAR-9222-6298-9190,
TP-10784,CLM-02924,Henry,,Venkataraman,Henry Venkataraman,97242247368,henry73@rediffmail.com,M,1972-09-17,VOTER-E581881,
TP-10785,CLM-02926,Jeevika,,Parmer,Jeevika Parmer,97858439565,jeevika90@rediffmail.com,F,1981-01-09,AADHAR-6189-3702-2883,
TP-10786,CLM-02929,Viraj,,Brar,Viraj Brar,99932032021,viraj62@hotmail.com,M,1973-10-11,UID-762599866845,
TP-10787,CLM-02934,Darpan,,Sankar,Darpan Sankar,98932198676,darpan21@outlook.co.in,M,2002-03-12,VOTER-C134652,
TP-10788,CLM-02940,Laksh,,Bhagat,Laksh Bhagat,97666934597,laksh42@hotmail.com,M,1978-05-25,VOTER-D598304,
TP-10789,CLM-02944,Pratyush,,Khanna,Pratyush Khanna,97165251705,pratyush83@hotmail.com,M,1997-02-13,UID-596815887926,
TP-10790,CLM-02948,Urvashi,,Sibal,Urvashi Sibal,97633185530,urvashi62@yahoo.com,F,1979-09-28,AADHAR-1512-5975-8399,
TP-10791,CLM-02952,Vasatika,,Parekh,Vasatika Parekh,99162722285,vasatika36@live.com,F,2003-05-28,UID-207938724329,
TP-10792,CLM-02957,Harini,,Mistry,Harini Mistry,98489602286,harini95@live.com,F,1995-05-08,UID-365810977422,
TP-10793,CLM-02964,Madhav,,Dass,Madhav Dass,98509405350,madhav63@hotmail.com,M,1955-08-03,AADHAR-7899-9371-9666,
TP-10794,CLM-02966,Keya,,Dada,Keya Dada,97772061613,keya27@hotmail.com,F,1963-01-14,VOTER-A824627,
TP-10795,CLM-02967,Varsha,,Toor,Varsha Toor,97834281561,varsha46@gmail.com,F,1995-11-15,VOTER-E438361,MEM-11130
TP-10796,CLM-02968,Viraj,,Mammen,Viraj Mammen,99604853458,viraj87@hotmail.com,M,2001-03-30,VOTER-E157575,
TP-10797,CLM-02971,Jack,,Mohanty,Jack Mohanty,98710267122,jack31@rediffmail.com,M,1979-10-18,UID-654130490649,
TP-10798,CLM-02972,Naveen,,Vala,Naveen Vala,98485674390,naveen24@outlook.co.in,M,1986-04-07,AADHAR-3021-7766-4048,
TP-10799,CLM-02976,Vamakshi,,Bhattacharyya,Vamakshi Bhattacharyya,97542769701,vamakshi15@hotmail.com,F,1955-04-24,UID-360563127680,
TP-10800,CLM-02978,Jagvi,,Choudhry,Jagvi Choudhry,98762858765,jagvi74@hotmail.com,F,1997-12-01,UID-968513469501,
TP-10801,CLM-02979,Yasti,,Keer,Yasti Keer,99652293664,yasti65@gmail.com,F,1985-10-30,VOTER-A338877,MEM-10075
TP-10802,CLM-02987,Reva,,Kant,Reva Kant,97917222431,reva15@hotmail.com,F,2005-04-22,VOTER-A825531,
TP-10803,CLM-02988,Anya,,Mall,Anya Mall,99985164117,anya17@gmail.com,F,1955-08-22,UID-807564274329,
TP-10804,CLM-02989,Wridesh,,Tiwari,Wridesh Tiwari,97515318985,wridesh91@live.com,M,1970-02-24,UID-887952663713,
TP-10805,CLM-02995,Warinder,,Gopal,Warinder Gopal,99979753650,warinder52@outlook.co.in,M,1979-03-10,AADHAR-5065-9715-6943,
TP-10806,CLM-02996,Ayush,,Brar,Ayush Brar,98002685254,ayush20@gmail.com,M,1970-04-02,VOTER-B431350,MEM-12611
TP-10807,CLM-02999,Megha,,Keer,Megha Keer,97353086452,megha43@rediffmail.com,F,1997-02-02,AADHAR-9181-2481-2734,
